area,bedrooms,bathrooms,age,latitude,longitude,zipcode,price
1748.4,1,1.0,61.3,41.2167,-121.8998,Z116,431759.88
1430.9,2,2.0,4.7,40.8855,-114.0455,Z101,300041.67
1823.8,4,2.5,55.2,34.0774,-122.6504,Z112,420993.13
2261.5,4,1.5,9.7,34.1471,-124.2832,Z118,641369.39
1382.9,1,2.0,96.3,37.0353,-115.0952,Z118,359978.44
1382.9,7,5.5,35.7,37.4956,-118.4098,Z123,482833.43
2289.6,3,6.0,15.3,35.7407,-120.8102,Z103,609848.45
1883.7,2,2.0,9.9,35.4727,-119.1099,Z100,573634.07
1265.3,6,3.5,8.0,36.598,-121.7624,Z101,379687.46
1771.3,1,2.0,34.3,39.0596,-117.835,Z124,473429.96
1268.3,6,4.5,67.8,33.3017,-118.0271,Z117,293508.93
1267.1,3,4.5,42.2,39.2505,-123.658,Z111,275444.57
1621.0,3,2.5,54.0,41.2993,-114.9378,Z108,471557.89
543.4,5,1.5,45.6,39.7533,-119.6645,Z104,147004.78
637.5,5,2.5,116.1,34.3209,-122.4509,Z115,240359.77
1218.9,2,2.0,42.5,33.3311,-121.2725,Z103,395275.19
993.6,4,1.5,7.1,37.1586,-115.4047,Z119,341995.57
1657.1,3,4.5,47.0,41.5859,-120.4766,Z102,500575.99
1046.0,6,2.5,11.7,40.2811,-118.5994,Z117,236324.94
793.8,1,1.0,120.0,37.846,-114.5493,Z107,284033.16
2232.8,3,3.5,14.2,33.8583,-117.657,Z121,477204.95
1387.1,5,1.5,10.4,39.2814,-117.405,Z124,442102.61
1533.8,3,4.5,8.2,40.2235,-121.89,Z101,510537.76
787.6,2,2.0,32.2,41.3832,-117.4829,Z111,254144.72
1227.8,1,4.0,3.5,38.3151,-120.3651,Z100,379357.75
1555.5,1,5.0,92.1,37.3874,-114.9341,Z123,402112.52
924.5,4,2.5,10.5,38.3822,-123.1398,Z123,321767.03
1687.8,6,1.0,10.5,41.4609,-121.5008,Z120,382714.28
1199.7,2,4.0,1.4,38.4672,-123.807,Z117,305277.09
1354.2,4,1.5,8.5,34.9471,-120.5005,Z109,347419.88
1199.1,1,3.0,16.3,38.5434,-122.9421,Z120,257327.63
2426.1,1,3.0,13.8,40.8576,-115.626,Z107,642707.69
1493.3,8,1.5,9.6,37.8865,-114.787,Z129,468605.87
971.1,2,4.0,1.2,37.2756,-117.471,Z129,311160.11
1911.3,2,3.0,10.7,39.467,-123.415,Z103,518533.3
889.6,3,1.5,45.2,38.7794,-120.9129,Z129,187384.29
1604.4,4,1.5,17.3,33.0385,-114.3728,Z117,373430.41
520.2,2,4.0,10.3,39.3905,-123.0688,Z102,229223.47
835.9,1,1.0,10.9,36.3717,-118.6569,Z102,203692.27
1598.4,2,2.0,24.3,41.4385,-120.7942,Z124,361295.42
1869.2,1,1.0,10.8,41.7226,-114.0088,Z128,490290.78
1585.7,1,1.0,29.9,36.763,-121.5034,Z111,362876.0
1442.2,3,3.5,120.0,41.7036,-123.9984,Z118,340822.21
1349.4,2,4.0,1.3,35.4528,-117.1271,Z116,409662.38
760.7,6,1.5,5.5,38.9851,-121.0692,Z122,299620.85
1140.1,2,2.0,5.9,33.213,-117.5954,Z116,291121.68
1269.7,2,1.0,17.8,33.8774,-123.4012,Z121,298066.2
2028.6,2,2.0,1.3,40.713,-119.0078,Z125,566807.88
1671.8,6,2.5,19.5,40.9909,-120.5601,Z103,565584.44
618.5,1,3.0,79.3,37.5598,-118.8639,Z106,268951.18
1662.0,4,1.5,0.3,35.7278,-115.5385,Z122,465503.95
1307.5,4,1.5,13.6,36.7847,-114.2862,Z106,393373.3
1161.5,2,2.0,42.9,40.7614,-116.5921,Z129,307460.85
1805.8,3,1.0,5.0,34.5044,-116.448,Z121,525731.91
2015.5,1,1.0,2.4,35.3013,-118.9462,Z106,520595.04
1965.6,3,5.5,29.9,39.9617,-123.4773,Z107,514622.85
1080.4,4,2.5,0.3,41.3851,-117.4959,Z118,319364.13
1345.4,2,3.0,48.5,33.3828,-122.9483,Z120,364236.29
1665.6,4,3.5,2.1,40.1358,-121.9206,Z129,532172.34
1987.8,1,3.0,22.3,38.6281,-117.0704,Z125,508101.25
1260.4,2,2.0,40.4,34.6923,-117.6016,Z126,457225.46
1407.2,4,3.5,8.3,39.6803,-121.1996,Z108,302170.7
946.8,4,2.5,3.3,39.4152,-116.3935,Z123,279442.41
901.9,2,2.0,5.8,33.8493,-114.6372,Z121,264234.1
1906.3,3,3.5,57.9,37.2714,-118.7748,Z128,410939.28
2178.1,4,1.0,36.7,39.7038,-117.3843,Z108,500236.21
1464.0,4,1.0,6.6,34.3197,-121.6463,Z113,458657.71
2001.8,3,3.5,37.8,36.8963,-114.3065,Z125,424301.08
1680.8,3,1.5,37.0,33.647,-121.6261,Z128,472585.75
1177.4,3,2.5,120.0,35.4149,-115.1822,Z120,223367.97
1680.7,2,2.0,14.9,34.5705,-114.7574,Z117,357565.8
2269.0,3,4.5,60.0,37.2982,-116.9439,Z108,530273.91
1482.1,4,2.5,17.7,33.8415,-115.9783,Z129,396693.98
2282.3,5,1.5,68.4,36.1399,-119.6925,Z104,575696.66
300.0,5,1.5,2.9,35.114,-114.8448,Z107,207652.14
1911.0,1,1.0,5.8,39.5875,-116.7022,Z123,508432.1
1543.5,5,1.0,56.9,39.1469,-121.0692,Z103,485066.79
1350.5,4,1.0,51.3,33.4018,-124.1331,Z119,387369.06
1545.9,2,1.0,10.9,41.5581,-118.8218,Z113,491803.98
506.2,2,1.0,27.2,39.5745,-115.6732,Z116,130390.83
1390.2,1,2.0,14.5,38.3516,-115.463,Z120,290974.55
1678.6,3,1.5,0.3,37.0382,-115.7313,Z115,400542.89
2238.9,5,2.5,0.8,34.1903,-122.2452,Z108,641374.92
1240.9,1,4.0,1.7,41.6392,-120.0254,Z127,412671.77
1095.8,2,1.0,27.0,32.5747,-118.0548,Z104,321986.63
1249.1,3,3.5,9.8,39.0786,-117.4907,Z104,366689.92
1957.7,3,2.5,4.7,37.3207,-120.9869,Z129,486926.04
1664.4,3,4.5,85.0,41.0745,-117.2273,Z105,433162.08
1235.1,3,4.5,3.9,36.1166,-118.2956,Z105,329290.73
1756.6,5,4.5,33.6,37.4271,-118.5489,Z107,605150.01
1548.5,4,2.5,67.4,39.5522,-117.5382,Z115,399099.37
1984.3,3,3.5,5.4,32.9519,-118.1646,Z113,488020.51
1149.0,5,2.5,7.3,33.0175,-122.7478,Z100,327026.47
1336.2,4,1.0,25.6,34.5109,-115.3186,Z115,430151.59
1303.9,1,2.0,21.3,33.891,-121.974,Z114,337119.24
768.2,3,2.5,22.1,32.5612,-116.6829,Z104,249981.69
1648.1,3,4.5,24.3,38.4184,-122.6472,Z108,346285.63
1630.5,1,3.0,89.8,40.0614,-117.5599,Z102,430193.59
1502.6,5,1.0,1.7,41.5926,-115.0953,Z126,435707.28
1382.7,3,1.5,42.9,36.6886,-124.398,Z106,371758.56
792.3,2,2.0,7.9,35.1573,-114.2134,Z106,333204.47
1289.7,3,3.5,14.0,40.7071,-124.1884,Z115,306531.33
1328.6,3,3.5,2.8,40.5218,-124.3806,Z127,352613.38
1098.9,3,2.5,17.7,38.436,-115.4956,Z127,289812.14
1419.4,1,1.0,48.9,35.0949,-117.0586,Z125,314638.24
1702.0,5,1.5,3.1,41.1309,-123.389,Z102,425311.21
2443.1,1,2.0,9.7,34.1948,-114.6571,Z114,560668.52
1587.3,4,3.5,14.0,32.9146,-117.4447,Z106,430271.77
1628.8,2,1.0,3.3,40.0679,-123.334,Z102,442080.03
1462.8,3,1.5,43.1,37.8548,-115.4642,Z115,349679.88
540.6,4,1.0,46.4,34.8414,-119.4505,Z105,241975.75
1486.7,3,2.5,54.2,38.8735,-121.5796,Z107,455258.91
1530.1,8,5.5,26.3,39.7838,-115.8371,Z115,473112.75
2731.6,2,1.0,21.2,40.5232,-116.7463,Z123,713487.06
1403.8,2,2.0,9.1,35.1802,-117.958,Z105,350630.57
1650.8,1,1.0,31.9,32.7431,-115.0656,Z115,376051.11
1482.6,1,1.0,17.6,37.3454,-115.4566,Z101,351696.39
915.7,5,1.5,106.0,40.6327,-122.1187,Z100,327864.08
2071.4,2,2.0,103.4,34.4743,-115.2738,Z118,424348.58
1876.0,1,2.0,70.7,36.5007,-120.5726,Z113,499066.37
1895.5,2,1.0,13.4,34.936,-119.9664,Z118,463963.09
1045.3,5,1.0,13.8,32.6269,-114.2905,Z122,322072.15
2201.4,4,1.0,57.5,41.036,-116.5213,Z103,530387.94
799.1,4,4.5,39.2,33.783,-121.1244,Z101,311040.51
1793.4,4,3.5,36.6,39.7843,-117.6968,Z101,491168.56
2595.2,4,3.5,9.8,35.7927,-118.8371,Z111,647469.46
1004.7,1,2.0,53.8,35.138,-123.2757,Z122,264315.73
1216.9,3,1.5,26.0,41.4398,-115.1786,Z123,348159.45
1549.8,1,3.0,17.8,38.7434,-115.8702,Z110,359689.2
1248.3,4,2.5,60.2,39.0258,-116.334,Z120,317458.61
724.7,4,2.5,15.0,39.7167,-118.6289,Z117,271128.05
1534.3,3,3.5,31.8,35.7389,-122.1812,Z118,469407.35
968.8,3,2.5,18.8,37.8548,-115.2191,Z116,241578.68
1736.8,3,1.0,26.9,35.0671,-120.7939,Z125,564613.5
1040.3,4,3.5,1.2,40.4281,-124.2888,Z103,404177.94
2275.0,2,3.0,18.5,38.1934,-114.1914,Z122,496429.44
1108.4,3,2.5,24.4,34.8124,-115.4579,Z125,301711.31
1339.0,4,4.5,20.4,41.0477,-117.9619,Z111,314102.69
1906.8,5,1.0,56.4,38.018,-124.3697,Z124,486497.69
884.6,2,2.0,11.2,37.2028,-122.109,Z102,355873.66
1613.7,2,2.0,64.6,32.8276,-119.7535,Z115,410868.95
2153.6,1,2.0,15.5,41.1431,-117.9051,Z103,608372.17
696.3,2,3.0,35.6,41.5466,-117.0644,Z127,325659.6
1592.3,4,1.0,2.7,37.8447,-116.2231,Z105,479686.06
1629.9,2,1.0,6.7,36.7039,-118.6656,Z100,512595.65
1890.9,2,1.0,43.0,35.9159,-117.6101,Z104,430538.35
881.5,4,2.5,0.4,35.0465,-115.982,Z109,326355.28
839.8,3,1.5,103.8,37.958,-116.9417,Z113,196320.14
1761.0,4,1.5,6.3,33.7169,-114.4745,Z104,458465.64
1648.5,1,2.0,69.5,41.2321,-115.3162,Z109,424747.26
1625.2,3,5.5,21.8,34.1716,-122.7217,Z124,538781.13
1673.2,6,4.5,24.9,39.5824,-114.5521,Z108,438946.04
1160.0,3,3.5,2.6,35.4154,-122.3562,Z112,287083.94
1616.1,1,1.0,13.6,34.6477,-114.0917,Z116,311631.36
1646.5,3,1.5,5.1,37.7998,-117.136,Z118,509609.28
1142.8,6,1.5,22.4,39.7687,-117.9109,Z128,370064.16
2432.9,4,3.5,24.0,39.404,-121.0946,Z119,616141.5
1736.9,4,1.5,37.1,34.7207,-123.1024,Z127,490648.39
904.3,1,1.0,63.2,35.6398,-123.1752,Z100,219998.03
1828.3,5,5.5,18.9,40.7539,-115.401,Z108,430487.16
1012.7,1,1.0,8.0,39.3708,-119.9594,Z117,313671.75
1893.5,5,2.5,12.2,39.2706,-118.6216,Z104,488253.23
2079.3,2,1.0,56.3,35.0546,-114.7157,Z113,514083.0
1089.7,1,1.0,4.7,40.024,-121.8188,Z128,303560.98
1981.7,3,1.0,29.6,35.905,-116.4787,Z118,484703.23
1706.4,6,1.0,0.4,36.3132,-119.5601,Z114,401769.1
1911.0,3,2.5,8.5,35.2318,-122.2661,Z103,479583.36
2448.4,2,2.0,26.9,33.6532,-115.5438,Z103,652909.04
1377.3,2,2.0,18.3,36.4937,-117.3605,Z126,417906.91
1123.1,2,2.0,20.4,32.6609,-123.5033,Z117,254573.96
1055.2,3,1.5,32.4,36.8311,-118.8115,Z126,366793.76
1092.1,7,3.5,8.0,39.3876,-115.5565,Z117,303189.61
1461.4,1,2.0,9.9,41.6271,-123.7972,Z107,446972.92
1670.6,3,4.5,34.6,33.2468,-120.1291,Z101,389399.84
1638.3,3,3.5,23.2,35.1723,-116.0452,Z115,437116.98
1913.6,4,1.5,0.4,37.1942,-115.4872,Z113,478893.81
1506.5,3,1.5,33.3,34.1187,-116.3587,Z125,454627.28
2226.8,3,2.5,29.0,33.6099,-121.29,Z122,580419.84
1367.7,3,3.5,2.5,36.797,-119.1772,Z100,450601.48
2860.1,3,3.5,41.3,38.0169,-116.7166,Z116,648243.23
1812.8,7,2.5,22.2,40.292,-122.8978,Z109,508520.28
1071.4,2,1.0,6.9,41.9791,-118.2525,Z115,301190.26
964.6,2,1.0,24.6,39.8556,-116.9361,Z102,268436.5
1741.2,3,3.5,27.2,34.6027,-115.5751,Z118,514227.37
1388.3,3,4.5,75.8,39.6058,-123.3274,Z110,399576.82
1857.0,4,2.5,40.7,37.603,-121.0384,Z124,494565.32
1736.6,2,4.0,10.8,36.7827,-118.8126,Z129,455412.8
1463.6,3,3.5,3.8,41.3894,-117.1389,Z114,422931.0
1076.6,3,1.5,57.6,39.1699,-116.8346,Z117,263223.33
742.6,3,2.5,56.1,38.9761,-121.8408,Z119,335615.16
1276.7,2,3.0,5.8,32.6117,-124.3543,Z118,410010.93
1928.2,3,2.5,1.9,40.7182,-117.2149,Z106,555440.77
1607.0,1,2.0,37.3,40.0364,-114.9542,Z105,366841.19
877.1,5,2.5,38.5,35.3399,-116.1261,Z108,221012.33
1586.6,4,1.5,5.8,35.2751,-117.9641,Z112,413223.93
1692.7,3,3.5,33.1,33.008,-114.2355,Z107,433890.33
1058.1,4,4.5,9.8,32.9831,-119.9523,Z117,234821.13
1576.9,3,1.5,9.1,38.8516,-118.987,Z102,420115.09
1529.1,3,1.5,11.8,34.2693,-124.371,Z100,367445.78
928.5,4,1.5,22.0,41.2737,-114.5675,Z123,347656.88
1678.9,3,2.5,49.0,40.5028,-118.3749,Z128,393316.72
1780.4,4,3.5,20.7,35.8144,-120.3966,Z117,376749.56
2041.5,2,2.0,10.6,36.1107,-124.0321,Z103,509272.31
2026.9,5,4.5,64.6,35.6091,-120.6946,Z117,519077.33
811.2,4,2.5,1.7,33.3778,-124.4622,Z115,254141.45
1031.1,2,1.0,47.9,32.7986,-121.0945,Z117,277386.1
1757.5,3,4.5,46.0,36.7953,-114.5097,Z102,507318.69
1756.9,4,1.5,8.8,41.4589,-122.8802,Z113,481946.49
1757.5,4,2.5,6.6,41.2139,-118.7732,Z109,466857.42
3426.4,4,5.5,62.3,40.1935,-122.5405,Z128,831348.5
1785.4,5,1.0,24.6,38.4717,-116.2745,Z104,347389.22
2067.8,2,2.0,1.4,40.6341,-118.5948,Z107,539583.0
1977.0,3,2.5,66.4,37.3932,-122.3765,Z125,534483.14
1825.7,3,1.5,12.9,34.2115,-115.4045,Z117,401830.96
1342.4,3,4.5,12.6,38.9996,-116.2678,Z129,390505.29
1879.5,2,6.0,30.9,41.2461,-114.5113,Z128,421334.39
1113.6,3,5.5,32.5,32.6862,-124.4934,Z104,343735.69
1381.6,2,2.0,13.1,34.8887,-119.7003,Z126,389111.26
1257.3,6,4.5,4.6,35.0217,-114.0017,Z111,349533.76
1540.9,4,3.5,24.1,33.4409,-115.9825,Z128,420772.97
2657.3,2,2.0,29.4,34.6422,-115.7715,Z103,660982.84
566.4,1,2.0,59.0,36.1478,-117.9781,Z111,127189.15
1843.1,4,1.5,19.9,41.4284,-117.0146,Z112,457890.03
693.6,4,2.5,31.1,40.6725,-116.0441,Z113,208684.03
1264.0,2,5.0,1.7,41.4871,-123.5311,Z113,359666.94
2044.5,6,1.0,67.5,33.6454,-117.2279,Z118,552168.82
1532.1,3,1.0,11.9,32.7665,-115.9382,Z109,416688.22
961.1,1,3.0,30.0,33.5439,-124.0709,Z121,299942.55
1142.3,3,2.5,74.3,41.1858,-121.3809,Z108,313950.41
1839.8,1,2.0,49.9,33.9961,-121.0979,Z123,485597.16
1134.8,2,4.0,30.5,37.94,-115.5269,Z117,318826.5
1608.2,3,2.5,36.5,34.662,-116.3063,Z116,313506.31
1522.8,2,1.0,76.1,32.696,-117.6076,Z123,344637.34
1174.2,3,4.5,50.2,33.3039,-116.0504,Z104,389488.96
2572.0,3,1.0,28.2,39.2431,-119.739,Z101,620424.66
1817.0,2,3.0,32.3,34.2325,-115.3138,Z109,463483.73
487.4,5,1.5,4.8,34.6768,-122.0407,Z100,272576.33
1593.2,1,3.0,19.1,36.0839,-117.1019,Z126,414720.41
1169.1,3,2.5,10.7,38.7438,-121.9616,Z107,401733.35
1926.2,3,2.5,17.0,36.959,-124.0814,Z107,485275.73
1103.7,3,2.5,32.6,41.4738,-121.5164,Z105,331668.66
1442.6,4,2.5,4.8,36.6247,-119.3245,Z120,365312.06
1752.5,4,1.0,0.5,34.3917,-115.6439,Z104,463222.42
1932.9,1,2.0,15.2,37.5934,-119.157,Z121,576185.59
899.9,4,2.5,11.7,36.7835,-122.6189,Z120,264034.48
1332.7,2,2.0,16.4,39.9778,-114.076,Z117,242756.49
1262.5,1,1.0,80.3,41.3837,-121.6642,Z106,341038.52
1173.3,3,2.5,36.8,40.4448,-114.1544,Z103,356491.0
2382.7,4,3.5,11.9,36.1959,-114.6685,Z122,479268.86
1702.5,1,2.0,5.9,34.5531,-118.8044,Z100,425337.94
869.6,4,1.5,28.9,41.1876,-123.5344,Z121,316194.13
1958.9,3,1.0,32.2,36.1664,-117.1981,Z101,499310.24
2561.1,4,1.0,19.8,39.817,-115.62,Z118,678610.37
2016.2,1,1.0,7.2,41.9005,-119.8243,Z102,565584.34
740.3,2,2.0,0.9,37.9857,-121.9901,Z125,235085.56
1257.9,6,1.5,9.3,37.0589,-116.0703,Z100,372646.33
2133.5,4,1.0,18.3,39.1488,-118.7767,Z129,458405.84
1146.2,4,1.5,46.5,34.3423,-122.4249,Z120,291841.1
1721.9,2,3.0,57.7,37.1383,-114.5298,Z112,384666.06
1887.3,1,1.0,16.0,35.4671,-114.545,Z107,450698.11
1036.5,2,1.0,47.7,34.0602,-120.646,Z111,178220.77
1470.2,3,1.5,120.0,38.2963,-123.828,Z129,333282.42
300.0,2,2.0,37.8,37.9692,-117.8767,Z107,148362.48
987.8,4,2.5,39.1,39.7314,-121.1691,Z125,278655.07
1373.7,3,1.5,72.1,40.7932,-123.8033,Z127,455161.26
876.1,3,1.5,12.4,34.5936,-115.136,Z126,303104.11
2316.2,1,2.0,0.3,39.9072,-114.0198,Z106,566370.28
784.9,3,2.5,120.0,35.9902,-120.8207,Z122,240787.17
1280.0,4,1.0,20.2,38.4737,-116.6802,Z107,375162.86
1565.4,3,3.5,46.2,40.5773,-123.8094,Z128,440124.86
2220.6,2,3.0,50.2,34.9338,-120.6181,Z123,582285.75
782.1,2,3.0,15.2,38.2091,-123.3581,Z114,170057.41
2081.6,4,1.5,23.4,37.063,-123.9188,Z129,500050.78
1505.1,1,1.0,23.3,40.0105,-118.3177,Z120,278988.62
1009.2,4,1.5,7.5,39.1238,-116.0787,Z106,294825.41
1731.1,1,3.0,3.8,39.8115,-119.7438,Z111,370659.78
1599.5,2,1.0,23.5,35.2355,-118.9961,Z117,381883.4
1199.9,1,1.0,3.8,39.1914,-121.6573,Z103,306411.96
1534.9,1,2.0,12.7,38.2552,-116.7679,Z105,392779.43
1307.3,2,4.0,6.2,36.8385,-120.7087,Z110,390528.76
1556.8,4,4.5,36.8,36.0943,-123.7913,Z129,410374.85
1831.1,3,1.0,61.7,35.6502,-122.7622,Z109,500800.04
2293.0,4,6.0,25.9,32.5919,-123.1511,Z129,649562.2
881.1,2,1.0,15.8,34.1108,-119.9233,Z118,219231.58
2566.5,3,1.0,120.0,33.0603,-123.8153,Z117,559344.26
524.0,5,1.0,0.6,40.5594,-116.0319,Z111,262954.55
1424.1,5,1.0,10.9,40.6708,-114.9659,Z116,410245.5
1794.2,3,1.0,9.8,40.5388,-121.8919,Z119,499379.33
1640.5,4,4.5,13.2,40.2702,-119.4021,Z101,360844.05
1188.7,4,1.5,7.9,34.6026,-119.0498,Z129,388183.7
1395.9,3,2.5,9.2,37.172,-114.1575,Z118,473005.15
1253.5,2,2.0,8.9,41.1245,-123.811,Z111,327955.44
1205.3,3,1.5,21.1,39.7179,-117.4872,Z125,376611.0
1924.8,3,3.5,14.9,32.5173,-120.8695,Z110,568528.91
1678.5,5,1.5,30.6,36.8646,-119.231,Z114,433254.55
1153.5,3,1.0,21.7,32.6014,-122.2211,Z110,384303.92
1949.8,2,3.0,6.1,35.1663,-122.8175,Z110,456800.5
1653.6,4,4.5,49.8,36.6397,-121.9426,Z121,562674.68
1906.4,4,1.5,19.2,40.9825,-123.7517,Z109,547096.47
1814.8,1,2.0,5.0,38.7167,-121.5801,Z118,507783.78
1085.5,5,2.5,5.5,35.9436,-117.2513,Z102,383032.93
1219.9,2,2.0,47.8,37.1612,-117.6594,Z103,280879.28
1873.6,1,1.0,36.4,40.2652,-118.6778,Z102,372564.92
1805.2,2,2.0,21.2,35.3467,-124.4959,Z114,423558.7
1489.5,5,1.0,11.0,38.3428,-123.1793,Z105,409230.64
1558.7,4,2.5,18.5,34.9913,-115.6499,Z108,430735.0
2138.8,5,4.5,30.4,37.0597,-121.6467,Z107,586611.07
1204.2,4,1.5,63.4,32.7343,-114.9219,Z101,292287.84
1773.5,1,1.0,24.3,40.5966,-115.3173,Z118,436137.59
1398.9,2,1.0,9.7,32.9593,-122.8733,Z114,300720.94
1391.2,1,2.0,1.3,34.6314,-115.0694,Z107,355350.28
2049.4,4,3.5,5.8,35.6684,-117.9077,Z118,509173.73
1912.7,2,1.0,31.5,38.439,-117.882,Z104,457798.65
1906.8,2,3.0,5.2,39.3403,-115.5469,Z111,467730.67
2152.7,3,4.5,19.7,33.2643,-120.2469,Z126,461569.6
1510.5,4,1.5,36.0,32.9129,-116.7797,Z111,355891.68
1841.0,2,2.0,11.1,40.0904,-117.4885,Z127,484667.06
1344.9,3,3.5,33.2,39.2656,-116.3991,Z108,368709.0
1662.1,4,3.5,26.1,40.3997,-117.568,Z117,434455.16
1434.9,2,1.0,17.3,38.9271,-123.6594,Z124,407383.12
1548.5,3,2.5,68.3,39.6346,-121.4265,Z109,408997.45
1797.6,2,3.0,35.3,36.1009,-114.6308,Z104,397165.26
1090.9,5,4.5,13.4,38.1068,-122.154,Z114,244422.77
2546.2,7,2.5,48.9,40.1512,-119.5413,Z124,650257.42
997.0,4,1.5,40.2,34.1351,-120.7523,Z119,259639.25
892.9,2,3.0,47.1,36.5168,-123.5939,Z123,260241.62
2079.1,1,2.0,30.7,39.5347,-122.5975,Z123,457826.98
1895.8,3,1.5,14.3,37.56,-121.49,Z118,555733.34
1812.1,3,4.5,12.9,38.9757,-119.6352,Z120,396426.69
1814.2,2,5.0,31.9,35.2823,-115.3175,Z109,458869.85
1493.9,1,2.0,4.2,32.8073,-119.086,Z116,379682.98
1051.4,7,1.5,51.4,32.7769,-117.655,Z128,390399.07
1537.9,4,3.5,13.9,41.4564,-120.0275,Z105,397035.27
1161.4,7,3.5,29.9,41.4731,-115.3643,Z108,412149.52
1987.6,4,2.5,20.7,34.5072,-117.5425,Z127,533221.71
1426.5,2,3.0,22.0,33.9009,-123.5484,Z129,415842.34
1087.3,2,1.0,40.2,32.6723,-119.4862,Z116,270100.42
1339.3,4,4.5,29.6,34.6969,-115.814,Z117,303690.55
1706.5,2,1.0,8.6,35.6763,-116.7966,Z113,404908.29
1218.1,5,1.0,2.3,34.7918,-114.9942,Z122,332177.73
1088.9,4,2.5,55.0,40.0751,-122.1095,Z105,359825.17
1621.8,1,2.0,64.9,39.6196,-114.2397,Z125,411648.07
1622.5,1,1.0,5.4,33.2696,-121.5067,Z110,482612.36
1246.5,4,3.5,11.1,39.1246,-123.9731,Z118,365278.63
1264.5,2,4.0,10.0,37.4456,-119.2954,Z115,291972.68
1616.0,2,2.0,83.2,33.7556,-123.3414,Z101,392263.19
776.0,5,1.0,6.9,39.5256,-117.3462,Z106,317777.59
796.3,3,2.5,5.5,33.3174,-115.0442,Z125,260369.66
1140.8,4,3.5,6.0,34.1829,-114.8259,Z125,332598.7
1393.3,1,2.0,39.3,33.9177,-118.1261,Z120,301365.52
1655.5,2,2.0,65.7,41.4208,-118.8797,Z105,373385.24
2237.7,3,3.5,15.0,39.1325,-114.0631,Z114,524964.52
1928.8,3,2.5,4.4,36.4072,-118.416,Z124,531620.8
1420.0,2,1.0,26.4,40.3109,-114.7617,Z112,394150.15
1490.5,3,1.5,7.1,34.5516,-114.8758,Z106,424585.91
998.7,2,3.0,2.0,41.3454,-121.4601,Z119,335399.21
1490.7,2,1.0,65.2,39.1215,-124.3556,Z126,330299.9
1355.7,4,4.5,61.4,37.816,-119.8887,Z124,402748.7
1661.4,4,1.5,111.8,40.0492,-115.4556,Z102,455925.82
1086.4,1,3.0,19.3,38.6254,-115.7206,Z114,226587.36
1759.7,4,2.5,10.4,40.9275,-118.1615,Z119,545801.85
2266.4,1,3.0,44.1,40.377,-122.8551,Z125,501202.31
1445.6,5,1.5,6.0,34.3794,-123.3703,Z102,441390.48
1700.9,1,1.0,8.4,34.7768,-114.4758,Z125,423625.33
1845.1,4,4.5,8.9,33.1184,-120.0753,Z126,496416.31
1299.4,3,1.5,90.9,34.5919,-117.6943,Z114,284666.81
1612.0,2,1.0,39.3,35.7631,-114.9884,Z127,433919.81
1506.3,2,3.0,4.3,32.7739,-115.3661,Z102,426437.42
1548.8,1,1.0,2.9,35.4921,-118.5475,Z127,360890.7
1113.5,2,2.0,55.5,39.8297,-119.377,Z114,271535.82
1512.3,1,1.0,48.6,40.4831,-116.7798,Z100,435616.77
1749.0,3,3.5,33.4,32.5843,-120.8287,Z120,455088.45
2225.6,1,1.0,6.5,32.5679,-117.9334,Z119,573380.05
1979.6,1,1.0,19.6,33.8899,-124.2569,Z110,457661.64
2576.6,2,3.0,27.7,40.7895,-115.8447,Z124,645414.08
1116.3,5,1.5,80.7,36.9581,-114.0207,Z103,290210.08
1936.2,6,3.5,5.6,41.8376,-114.4756,Z118,542028.67
1591.7,2,3.0,21.7,40.9296,-120.7211,Z121,381278.46
2594.9,3,4.5,5.2,40.9562,-118.9234,Z127,712451.61
1095.9,5,3.5,17.6,33.7205,-122.0197,Z127,387129.17
1080.1,5,3.5,6.7,37.0147,-121.3186,Z109,297585.62
1200.3,1,1.0,54.3,41.9391,-119.6979,Z126,318418.26
438.1,3,3.5,8.8,33.9159,-116.6557,Z120,107861.58
1237.1,3,2.5,16.2,37.9552,-124.3122,Z103,359164.64
1120.4,1,4.0,15.7,35.7707,-120.3654,Z115,301044.38
1575.2,1,1.0,60.4,36.1847,-118.6568,Z100,433963.18
1670.9,1,1.0,42.5,40.9625,-122.2406,Z126,466028.96
2438.1,3,1.0,1.8,38.0851,-123.676,Z112,508231.1
1975.2,2,2.0,2.1,39.7084,-118.8345,Z118,502083.19
1211.5,1,1.0,24.0,38.8957,-117.803,Z113,310389.08
1050.8,6,2.5,16.7,37.5256,-117.7695,Z112,274970.35
1746.0,1,2.0,9.7,40.0213,-120.7559,Z128,429284.07
839.9,1,1.0,47.2,41.722,-122.0077,Z103,295973.02
2415.7,3,1.0,4.1,41.6848,-122.1859,Z109,559852.45
2089.7,2,4.0,109.6,39.9998,-124.0745,Z126,557936.11
1265.4,2,3.0,0.7,37.1296,-122.5608,Z107,336649.81
643.4,6,2.5,3.8,34.05,-115.9046,Z108,304689.95
2176.9,3,1.0,11.2,32.9225,-124.468,Z113,536989.08
1442.7,1,1.0,21.3,34.6987,-124.0392,Z107,364380.45
2118.9,3,1.0,7.3,35.7325,-123.1663,Z124,555815.17
702.8,4,3.5,40.0,33.7336,-120.0875,Z125,356915.41
1200.3,1,2.0,13.3,34.6353,-120.9958,Z100,407259.36
1502.6,2,1.0,1.2,33.2937,-122.6327,Z110,415962.05
1523.5,1,1.0,63.0,37.4749,-123.335,Z115,409791.69
1275.0,3,3.5,86.4,33.7,-114.6419,Z100,464008.96
1811.4,5,1.5,28.9,39.5563,-114.9319,Z129,448274.47
966.2,4,2.5,49.3,35.6602,-116.3951,Z118,327871.42
1428.8,2,1.0,3.9,38.8846,-121.8538,Z128,349425.18
1560.1,3,2.5,9.4,40.8839,-121.1012,Z119,423993.29
1757.2,3,3.5,11.8,33.3172,-117.5086,Z117,417457.95
1855.8,5,1.5,97.1,41.8955,-121.4372,Z125,446291.75
937.7,1,2.0,21.5,38.6298,-118.9285,Z106,343125.93
732.9,4,1.5,0.2,33.007,-117.6615,Z108,158612.13
2138.8,1,2.0,14.4,35.483,-119.0484,Z126,543742.26
1666.2,2,2.0,0.2,40.9193,-120.1605,Z105,423904.13
1125.8,2,3.0,8.1,38.1642,-120.8471,Z119,330043.22
2275.6,1,1.0,18.2,35.2286,-116.3336,Z105,559714.49
1557.8,4,1.0,11.7,41.4347,-116.7405,Z100,476656.53
2089.6,5,2.5,1.0,39.9789,-117.1896,Z105,546459.23
1533.8,2,4.0,3.7,39.4876,-120.5659,Z115,422561.65
2530.4,4,2.5,24.0,40.9401,-116.3548,Z103,645619.83
2377.7,4,2.5,35.7,39.8129,-114.4441,Z102,628462.12
1375.5,2,2.0,15.6,35.224,-117.2657,Z121,443058.85
1985.8,2,2.0,39.4,38.0469,-120.2171,Z108,500904.26
1822.7,3,1.5,5.3,40.5017,-116.1369,Z123,574785.69
2184.3,3,1.0,3.9,34.2181,-118.1023,Z123,590827.04
1017.5,3,1.0,54.9,34.0487,-115.2844,Z124,221406.04
1843.0,4,2.5,12.4,34.0103,-117.0116,Z121,522823.84
2029.2,5,2.5,17.0,34.3454,-116.4158,Z107,535846.63
620.6,4,1.5,88.5,33.4807,-117.4919,Z106,290028.94
908.4,4,1.0,16.6,40.4575,-123.5338,Z111,233627.39
480.4,2,1.0,0.1,40.274,-119.4063,Z100,162189.77
1365.3,2,2.0,83.4,33.938,-123.9069,Z121,368020.76
1858.8,5,3.5,0.4,39.2026,-119.8007,Z111,459622.53
2251.2,2,1.0,32.6,38.4563,-116.9775,Z115,540852.25
1537.0,1,4.0,11.7,35.1238,-120.0768,Z113,430779.69
2314.3,2,1.0,19.1,34.66,-124.4829,Z129,547555.17
809.9,4,3.5,23.8,34.8806,-120.6225,Z110,328195.64
648.3,2,1.0,15.8,39.441,-123.7885,Z119,268637.14
1472.2,4,2.5,44.7,35.5335,-116.3037,Z118,430862.51
1692.0,1,1.0,80.1,35.1406,-116.2706,Z118,411495.02
1483.7,3,3.5,2.7,32.7136,-116.033,Z112,380257.27
466.3,5,1.5,48.3,41.1282,-124.1816,Z111,144170.06
1455.4,4,3.5,4.1,39.6507,-124.1612,Z109,426718.74
847.8,1,1.0,2.5,36.9914,-115.0138,Z114,236261.7
1834.8,2,1.0,93.6,41.4578,-123.2013,Z128,485813.88
1683.3,2,3.0,20.2,35.2886,-117.4641,Z128,474870.6
1030.1,7,2.5,5.0,38.9097,-116.1477,Z127,399222.28
1243.1,2,2.0,25.3,35.3989,-119.7974,Z112,322638.91
970.4,3,4.5,9.2,35.4884,-118.762,Z112,306265.99
1468.7,3,1.5,18.7,40.5247,-122.1125,Z123,421023.89
1977.6,6,3.5,29.4,39.9767,-114.8022,Z114,461728.76
1007.1,2,2.0,61.0,35.294,-121.3311,Z116,226038.21
1752.0,2,6.0,0.1,33.2732,-122.213,Z122,453438.08
1234.9,2,2.0,7.2,35.897,-118.9833,Z110,339270.31
1103.6,1,1.0,3.0,39.7205,-122.4996,Z109,290397.86
1446.5,3,1.5,3.1,33.4552,-117.2897,Z103,394984.07
982.4,5,1.5,87.4,38.885,-119.0913,Z116,315927.83
1223.2,4,4.5,82.5,40.9528,-122.9481,Z113,421898.86
901.1,4,2.5,41.5,34.2027,-123.7939,Z129,275004.58
2482.4,3,4.5,30.9,40.6909,-123.062,Z101,586409.39
1517.6,2,4.0,56.5,32.988,-123.0654,Z106,451000.92
1150.1,4,1.0,1.8,38.8354,-121.2151,Z115,297308.41
1607.0,3,1.5,3.8,40.0149,-115.7507,Z125,428085.25
1443.8,3,1.5,11.4,36.7253,-123.8984,Z116,440597.31
1389.5,1,3.0,53.6,34.4354,-123.1551,Z121,364163.12
1807.1,4,2.5,19.2,41.2849,-121.3196,Z103,500624.57
1878.8,3,4.5,21.0,32.6897,-118.69,Z102,511483.4
1234.7,1,1.0,7.8,37.7732,-116.4897,Z122,291180.38
1212.1,1,1.0,31.4,36.0421,-114.8275,Z124,338373.29
1362.5,1,4.0,65.6,36.88,-120.1731,Z104,342016.98
349.0,2,5.0,12.0,37.5974,-123.3887,Z105,98784.29
742.4,3,2.5,29.0,37.5801,-122.2581,Z122,249633.43
2183.4,3,2.5,12.1,34.4344,-121.4839,Z125,506723.94
2322.5,3,2.5,47.2,38.9572,-116.246,Z128,594630.23
1375.5,1,1.0,19.3,32.6819,-117.2902,Z127,381759.43
1788.3,3,4.5,12.4,32.7012,-122.3054,Z105,479222.67
1655.6,2,2.0,16.3,37.0456,-115.6932,Z105,428571.08
3039.4,1,1.0,2.9,37.6481,-115.4789,Z118,686911.67
2059.8,1,3.0,60.3,35.1115,-115.2344,Z110,492720.7
1436.0,1,1.0,95.2,37.7409,-121.6125,Z118,391571.68
1022.2,4,1.5,19.5,37.403,-123.0958,Z113,301526.34
696.8,3,3.5,7.5,35.8176,-123.4084,Z114,165676.31
1601.7,2,1.0,32.8,38.6919,-120.2991,Z104,395109.4
1121.8,2,1.0,18.1,41.6004,-119.9921,Z122,300097.95
788.9,3,1.5,8.7,37.1626,-115.3838,Z111,217213.81
1176.7,2,4.0,1.2,39.9675,-121.6886,Z112,333382.97
959.2,4,2.5,66.1,34.8522,-117.9176,Z121,309948.19
2343.6,2,1.0,47.8,39.7385,-116.2238,Z117,531358.74
1940.8,3,3.5,53.0,38.6646,-121.6739,Z102,545276.57
1496.0,5,3.5,17.4,38.5771,-121.695,Z111,413627.62
2240.0,5,4.5,42.0,40.9838,-117.4739,Z104,588447.97
1538.7,2,2.0,26.1,34.7168,-116.8756,Z112,441369.08
1069.4,1,2.0,14.1,36.0003,-114.4225,Z122,288803.38
2261.6,1,3.0,55.5,33.2891,-115.5756,Z128,532736.79
1769.5,4,1.5,120.0,39.3981,-115.8685,Z112,346903.99
981.4,1,3.0,68.9,40.5167,-117.2307,Z105,213463.7
1404.8,4,1.5,44.9,36.3554,-123.2559,Z128,402931.92
1062.2,1,2.0,41.3,35.8899,-116.003,Z115,269771.17
808.6,5,3.5,31.5,38.7572,-114.6791,Z125,269251.49
1963.1,1,3.0,57.6,33.2181,-120.3975,Z102,513566.06
2454.7,1,1.0,20.4,35.2915,-121.2065,Z106,621128.24
800.7,2,2.0,6.0,35.979,-119.0139,Z120,234095.11
1781.5,4,2.5,43.8,37.4266,-114.4572,Z109,469080.03
1174.7,1,2.0,75.6,37.0274,-123.9663,Z129,365549.46
1256.4,4,1.5,12.5,34.4825,-117.0568,Z103,388584.25
1203.8,1,1.0,45.8,37.6375,-115.946,Z111,304314.53
1068.0,1,1.0,9.6,41.2958,-116.2181,Z105,276054.84
1524.3,3,1.5,85.7,32.7573,-118.5489,Z117,303661.21
1084.5,1,4.0,34.5,38.9629,-114.8341,Z106,335453.26
1635.2,4,3.5,25.3,38.4347,-123.0875,Z101,520756.38
1474.9,3,3.5,45.4,41.2821,-121.9259,Z122,411344.05
1380.5,2,4.0,50.3,38.6308,-121.277,Z107,403329.33
1046.2,4,1.5,66.9,38.436,-124.4089,Z117,286601.15
1211.6,7,4.5,69.4,39.8132,-120.608,Z123,394275.59
1877.7,4,1.5,1.6,35.0442,-122.8131,Z127,548250.55
1750.5,4,2.5,3.9,38.1595,-116.8914,Z112,526924.36
1011.2,3,2.5,52.5,37.4345,-120.143,Z122,253111.71
1549.7,3,1.0,87.6,36.6655,-117.1032,Z102,417122.22
1875.7,2,2.0,11.0,33.2551,-121.4166,Z112,462893.26
665.3,2,2.0,0.3,35.28,-123.1149,Z106,241021.96
1771.7,3,2.5,11.7,35.1598,-123.1141,Z100,472948.42
1168.7,3,1.5,14.5,39.3804,-122.3657,Z117,303090.32
1785.3,2,4.0,42.9,41.2462,-123.2902,Z120,389854.97
1118.4,3,3.5,1.5,34.6925,-122.1843,Z115,375015.19
597.6,3,3.5,7.2,33.2089,-118.4201,Z110,257922.72
686.2,3,3.5,67.3,41.9996,-121.8085,Z128,233745.38
1524.0,4,4.5,5.0,39.0665,-120.8991,Z124,410684.38
1629.9,3,1.0,42.7,40.9215,-123.9463,Z116,350031.74
1047.8,8,3.5,13.5,33.8669,-115.1318,Z104,325786.91
1819.3,3,2.5,32.6,40.1073,-123.0493,Z105,440443.91
669.2,2,4.0,2.3,40.2266,-120.839,Z113,213287.78
1467.0,4,1.5,10.1,33.9391,-120.5155,Z113,448729.88
894.5,1,1.0,16.6,34.0333,-116.3927,Z118,332990.02
1174.1,4,1.5,58.4,35.3068,-119.4228,Z104,300451.68
1523.7,2,2.0,24.9,34.5595,-120.479,Z117,322939.85
1069.8,1,3.0,1.4,41.7664,-117.1933,Z110,301521.85
1307.7,2,2.0,48.6,35.948,-118.2313,Z123,375184.24
2003.1,1,1.0,1.7,39.7324,-123.6796,Z111,442823.24
1211.6,1,1.0,81.7,40.148,-121.2166,Z118,257400.87
1917.8,4,1.0,7.1,36.1664,-114.2246,Z120,368871.92
935.1,3,3.5,20.1,38.9846,-119.425,Z128,310858.73
1764.9,2,5.0,2.3,33.5241,-120.046,Z127,532211.86
2220.8,3,1.5,24.7,36.2711,-122.9258,Z116,561912.69
300.0,3,3.5,20.6,41.6895,-115.6898,Z120,106356.59
1101.6,3,2.5,15.8,34.101,-123.1003,Z116,344056.98
1788.5,5,1.0,1.1,36.1643,-123.3966,Z124,476659.99
1398.5,4,3.5,63.3,40.01,-119.8905,Z101,316559.75
1685.6,1,2.0,48.7,38.8215,-119.9152,Z105,480330.02
1198.0,2,1.0,30.1,38.4994,-114.1946,Z124,262867.82
1543.3,3,1.5,25.5,40.6059,-123.1609,Z118,417349.88
1422.2,3,2.5,35.6,32.7764,-119.4198,Z105,355187.27
2083.9,5,3.5,4.7,39.8261,-122.3869,Z100,596672.22
1627.2,2,2.0,80.9,40.8842,-117.1315,Z113,445368.32
1668.8,3,1.5,10.1,32.6537,-120.3873,Z122,336775.82
1294.1,4,4.5,32.1,37.8101,-117.6911,Z101,334772.94
1256.2,2,1.0,28.0,35.8116,-120.9467,Z120,336098.81
1283.7,2,5.0,30.4,32.9822,-118.5723,Z120,294922.15
1697.2,1,2.0,63.3,36.4686,-119.5741,Z111,308344.73
1289.5,3,1.0,10.5,38.6183,-120.5692,Z116,312070.57
1644.9,4,1.5,41.5,41.2306,-118.856,Z126,435594.82
2537.7,6,2.5,27.4,38.395,-120.4701,Z122,648411.85
1935.6,2,3.0,2.4,40.6391,-116.0368,Z103,521878.23
1337.0,5,2.5,16.0,33.6549,-119.3,Z103,395125.32
2100.6,4,1.0,54.6,34.5,-115.0172,Z106,577628.8
1296.0,7,1.0,11.4,41.7178,-122.1606,Z125,394101.87
480.9,4,2.5,19.7,40.9303,-123.3227,Z112,132023.6
996.0,3,1.5,20.1,34.7347,-120.4998,Z116,245009.81
564.6,2,2.0,28.9,38.3993,-122.5716,Z113,191543.81
1324.2,5,2.5,64.6,35.945,-120.3722,Z121,468671.32
1509.2,6,2.5,5.7,36.9517,-122.3222,Z116,407914.71
2338.2,2,1.0,21.1,40.6783,-115.3837,Z128,504692.2
1663.5,2,1.0,16.6,39.4893,-118.537,Z115,405444.05
1390.4,2,2.0,10.5,34.7652,-119.2753,Z115,394013.21
1914.7,1,2.0,75.6,35.5019,-116.2287,Z105,441453.2
394.4,4,2.5,0.2,35.2522,-123.1311,Z125,243571.95
1617.8,5,3.5,3.9,39.9163,-115.5013,Z101,463038.14
1885.4,5,1.5,39.7,37.1558,-119.4253,Z125,519150.01
760.7,5,4.5,9.2,41.5319,-123.0675,Z126,348103.35
2071.9,3,1.5,38.5,40.2585,-115.8962,Z116,529256.37
1669.2,5,1.0,53.6,34.5063,-119.6619,Z123,502881.67
1292.4,3,3.5,8.8,39.9665,-118.1517,Z122,305161.29
1816.4,1,1.0,6.4,37.3078,-115.1171,Z101,371933.17
2635.3,2,4.0,4.7,34.9102,-115.1477,Z117,622664.89
1590.9,2,2.0,6.7,35.9517,-115.1254,Z120,340105.89
1624.1,3,2.5,9.3,41.7352,-120.1224,Z119,407173.98
1270.3,3,3.5,60.9,37.0976,-116.6291,Z111,350228.01
1075.1,4,1.5,44.1,39.3363,-122.0507,Z103,328595.85
1915.2,4,3.5,0.1,37.0323,-115.7726,Z108,513626.94
1072.0,3,1.0,62.2,36.0298,-120.9119,Z110,351003.59
1535.8,2,2.0,2.5,40.066,-119.6289,Z116,378323.8
1261.2,2,1.0,31.9,40.5591,-115.1404,Z129,353026.17
1739.5,4,1.0,4.9,33.1829,-116.0397,Z112,454227.99
1666.8,3,1.5,1.9,35.1503,-114.4986,Z125,470193.71
2018.8,1,1.0,42.8,37.3248,-120.6835,Z124,426743.75
1245.0,4,1.5,18.9,35.5067,-122.9136,Z127,382523.37
1365.1,3,2.5,27.4,39.944,-114.9407,Z118,339275.61
1010.6,2,1.0,16.6,33.59,-119.3219,Z107,308848.2
1277.9,1,2.0,2.1,40.0791,-115.1613,Z104,273252.74
1688.7,3,1.5,40.4,38.3699,-116.8132,Z109,412971.29
1878.5,3,1.5,51.5,35.249,-115.3146,Z114,418775.1
1038.9,2,2.0,1.3,35.7723,-117.6254,Z118,392136.04
1934.8,1,1.0,14.1,34.2375,-115.9701,Z124,484906.88
2177.8,3,1.5,24.4,34.8994,-123.2365,Z108,515774.48
1706.7,5,3.5,27.9,39.3141,-114.3329,Z115,403511.66
2438.4,4,1.5,25.9,36.0709,-122.5997,Z115,655000.73
1113.1,3,3.5,35.4,39.0311,-124.2427,Z107,369890.74
877.7,4,1.5,102.2,37.384,-118.9265,Z102,326079.09
610.6,6,2.5,14.9,33.8803,-117.0249,Z102,262033.35
2248.0,4,1.0,24.4,37.2412,-116.9776,Z109,602786.45
1827.2,2,1.0,36.0,39.6865,-120.9381,Z111,348936.92
1472.2,2,2.0,26.9,35.3279,-116.5848,Z114,350713.43
1640.0,2,1.0,14.7,38.6568,-115.6531,Z114,396202.3
937.3,2,1.0,29.4,34.3908,-118.0949,Z126,367116.63
2722.9,2,2.0,31.5,33.7891,-120.4471,Z125,715213.28
1564.6,2,2.0,26.4,35.9221,-118.0575,Z118,458320.51
1554.7,2,3.0,6.9,36.1974,-115.4466,Z113,375354.56
1862.9,1,1.0,21.2,39.7296,-115.045,Z110,454419.85
1740.5,2,1.0,64.7,36.8707,-124.1691,Z105,395711.28
1611.9,1,2.0,60.9,33.2717,-123.2148,Z111,398399.56
1104.8,4,2.5,41.7,38.523,-124.4526,Z117,289616.75
1735.7,1,2.0,35.8,36.9579,-119.3294,Z124,446559.98
2441.0,4,2.5,5.0,35.6506,-119.9179,Z101,664727.08
2172.7,2,3.0,18.5,40.1211,-118.7691,Z125,529717.59
2296.6,1,3.0,3.5,33.9667,-117.3217,Z123,532564.01
1244.4,4,1.5,51.0,41.1755,-120.6593,Z125,368103.82
1005.2,4,1.5,10.3,35.6736,-122.3099,Z115,268637.9
1437.1,4,3.5,43.7,36.8789,-120.3544,Z103,403337.14
1527.9,2,3.0,50.6,41.3277,-124.4054,Z103,418884.22
2047.1,2,2.0,66.9,39.7318,-115.7908,Z120,537444.68
653.8,2,2.0,42.1,33.2059,-120.4709,Z129,190914.71
2264.8,2,3.0,25.0,37.9938,-117.9607,Z116,549376.08
1421.0,2,2.0,27.4,35.4484,-121.0904,Z119,385961.24
1286.6,5,2.5,11.6,37.3306,-118.0445,Z121,404296.13
993.9,1,3.0,5.8,39.5582,-118.8254,Z127,379452.38
672.6,1,1.0,4.2,37.2136,-122.3101,Z109,266826.35
1911.6,5,3.5,6.0,33.1747,-117.9341,Z117,482737.28
1536.7,3,1.0,81.5,37.5348,-123.349,Z129,360458.26
855.0,2,3.0,5.4,32.7292,-119.4486,Z126,364509.35
852.5,4,1.5,38.6,35.8099,-116.9413,Z118,365637.35
1332.1,2,4.0,6.1,37.0413,-118.7348,Z110,410709.95
2334.5,3,2.5,111.0,38.6244,-116.6642,Z113,590176.61
1370.2,3,3.5,13.7,37.309,-121.6318,Z103,463061.14
748.4,4,2.5,15.9,33.9435,-123.9874,Z115,227148.53
1377.1,4,1.5,15.6,41.3561,-123.9123,Z102,394540.88
1363.6,2,2.0,50.9,38.6778,-121.6784,Z124,394258.96
300.0,2,3.0,7.4,35.5112,-120.2195,Z121,186867.39
1472.9,1,3.0,53.3,41.6764,-118.8562,Z110,375889.42
1384.5,6,1.5,32.1,40.8845,-116.5446,Z104,349221.67
1848.1,4,1.5,7.5,33.8632,-115.6841,Z120,475109.74
2424.5,3,1.5,2.0,38.7266,-117.2163,Z101,525872.78
2063.3,2,6.0,44.7,37.8207,-119.6363,Z111,472069.32
1365.6,2,3.0,7.4,34.3317,-121.7229,Z129,330701.52
946.7,2,2.0,66.0,34.718,-120.0081,Z112,268221.76
2786.7,5,1.5,4.2,37.8559,-121.6293,Z124,736652.05
1529.6,1,1.0,28.7,35.5522,-117.9431,Z101,253538.63
1507.0,3,2.5,35.3,40.4309,-115.9088,Z104,331665.85
1487.9,1,1.0,32.2,33.4285,-119.059,Z122,329736.75
1599.0,1,2.0,11.4,41.1833,-124.0187,Z118,456778.43
1427.8,7,1.0,62.5,40.4852,-114.6326,Z128,353960.57
1213.2,6,2.5,44.1,39.5169,-121.41,Z123,420459.43
1226.6,1,1.0,21.4,34.9944,-114.8976,Z104,350159.14
1483.6,5,2.5,27.7,39.2921,-115.9628,Z125,423096.7
1228.3,3,3.5,25.1,36.6683,-120.1622,Z127,405602.05
1143.6,2,3.0,88.0,38.5207,-123.9046,Z102,324114.06
1553.2,3,1.5,68.0,35.4693,-114.5491,Z118,352009.89
1372.5,3,3.5,8.1,40.4406,-117.5799,Z118,391477.81
2252.0,4,2.5,9.1,32.8855,-121.8786,Z110,634088.06
300.0,6,3.5,119.6,39.0689,-118.8979,Z111,166911.16
2045.8,3,1.5,8.1,40.372,-117.8286,Z118,559671.9
2123.0,3,1.5,92.0,38.6411,-122.1201,Z119,515578.93
463.3,5,3.5,31.5,34.3239,-123.5178,Z109,268827.29
1328.7,1,2.0,1.5,35.2073,-121.6916,Z116,328806.83
1314.3,5,5.5,12.3,37.3916,-124.0002,Z111,301602.22
796.2,2,4.0,19.4,35.6298,-123.7651,Z102,249366.89
1111.1,1,1.0,53.7,32.5467,-122.8559,Z125,259612.98
944.7,4,1.5,12.0,32.8864,-122.8367,Z125,247485.71
2376.1,4,1.5,11.2,39.7938,-121.8965,Z120,544953.74
1967.8,5,1.0,75.9,33.2952,-114.657,Z128,524696.48
2135.8,2,2.0,2.5,41.3162,-118.4539,Z107,629886.52
1860.8,2,1.0,24.1,36.706,-120.0637,Z107,465755.87
935.5,4,1.0,21.0,39.7028,-118.5801,Z124,276068.7
1237.7,4,2.5,1.8,33.6923,-124.44,Z124,410685.97
1744.7,3,2.5,2.8,41.3018,-115.1052,Z112,407919.99
888.9,1,4.0,14.4,32.8212,-118.9107,Z121,330668.7
1856.5,1,1.0,4.3,32.9003,-119.7577,Z112,429908.51
1379.8,1,2.0,19.5,33.0186,-114.6132,Z109,363563.86
1312.6,1,1.0,28.2,33.4824,-116.8307,Z114,278360.29
1855.5,4,2.5,35.3,37.1249,-120.9571,Z122,528032.28
1722.1,3,2.5,23.7,39.9886,-114.6703,Z127,474441.66
1319.5,4,2.5,14.3,35.207,-115.554,Z115,321526.29
2079.7,3,3.5,4.2,39.5849,-114.4774,Z112,581836.49
959.5,3,2.5,8.5,39.8536,-123.4896,Z110,358912.04
1808.0,3,1.5,16.3,41.1286,-114.4695,Z111,424955.23
1796.6,1,1.0,77.4,33.9188,-118.7997,Z113,311125.59
1345.2,6,2.5,6.8,33.7876,-117.4417,Z119,402792.49
1663.1,4,2.5,16.0,33.6599,-122.2715,Z102,466012.68
874.4,1,1.0,39.5,35.9135,-123.0258,Z114,144251.88
1962.0,6,1.0,36.6,37.1494,-123.6664,Z110,521190.05
1407.5,1,4.0,101.1,36.8853,-120.0657,Z102,334162.7
1238.6,3,1.5,6.4,34.942,-122.1758,Z117,325625.99
2024.5,6,1.5,0.5,38.4088,-123.643,Z107,604838.49
1147.8,3,2.5,11.7,35.7136,-114.4718,Z122,340899.93
795.8,1,2.0,4.9,35.9778,-116.7994,Z107,310399.23
721.7,4,1.0,23.9,33.5025,-119.0625,Z112,200228.17
1803.0,1,1.0,68.7,38.1262,-116.6949,Z105,486242.7
859.8,4,1.0,35.0,38.7252,-118.0797,Z128,290543.87
2377.4,5,2.5,4.4,39.7005,-122.6307,Z109,547976.45
459.0,1,3.0,3.7,41.0881,-117.8489,Z114,159910.38
2348.2,2,3.0,72.7,39.777,-117.3494,Z127,551287.08
1605.5,5,2.5,20.1,34.7396,-122.0066,Z125,437365.33
1451.6,8,2.5,77.2,34.7387,-121.1385,Z104,413216.15
1227.5,5,2.5,40.0,41.1933,-120.4753,Z100,407878.55
1699.6,4,4.5,120.0,40.0063,-118.1733,Z107,515427.38
1481.2,4,1.5,61.5,39.9313,-123.1685,Z101,372095.6
2051.7,4,2.5,16.0,39.3373,-116.6935,Z100,608023.02
1557.1,3,1.5,42.6,35.0384,-120.8667,Z124,396395.22
1575.2,2,1.0,19.1,40.5504,-117.2364,Z129,429835.45
1318.2,2,2.0,8.0,33.8574,-114.7047,Z126,334628.94
1471.5,7,4.5,8.3,35.8252,-115.3663,Z126,434218.84
1653.9,4,1.0,15.2,35.7915,-116.7554,Z123,477578.33
644.9,3,3.5,3.5,37.8213,-122.4701,Z126,227698.27
825.9,1,2.0,5.9,36.9027,-116.8132,Z115,279753.99
1871.6,1,3.0,20.8,36.8682,-117.8242,Z124,489097.01
1585.4,2,3.0,92.3,37.7589,-116.3883,Z104,408534.95
1408.0,2,3.0,25.9,36.4465,-115.3775,Z118,427549.97
1509.2,4,3.5,15.8,34.8748,-121.2295,Z129,458994.82
1673.8,3,2.5,8.3,38.8091,-117.7348,Z110,516331.02
1230.1,4,1.0,6.5,40.011,-121.611,Z107,397354.67
1110.8,6,4.5,32.2,37.0505,-120.864,Z103,395772.67
1597.9,2,1.0,56.6,38.6701,-119.0332,Z113,449207.71
1010.8,5,3.5,15.3,37.586,-119.9413,Z116,381881.64
1704.1,1,2.0,24.0,33.0605,-118.1934,Z108,384374.92
648.7,4,2.5,36.8,36.5193,-116.533,Z126,315902.9
2014.6,2,2.0,1.8,32.5936,-118.1473,Z103,520211.34
1736.3,5,1.5,13.0,38.7879,-114.3171,Z127,482922.61
1628.0,2,3.0,39.3,37.3275,-116.7497,Z101,417810.62
1991.3,4,3.5,34.6,33.7049,-114.1574,Z109,567395.0
2332.7,2,3.0,1.6,37.6508,-116.6939,Z118,616304.95
2007.2,6,2.5,8.1,41.035,-119.1669,Z121,556867.69
579.6,2,1.0,34.2,35.7347,-120.1844,Z108,179451.24
860.2,1,1.0,9.5,41.8325,-116.7756,Z121,206628.95
1187.6,2,4.0,50.5,41.6141,-117.2852,Z127,368192.06
1513.0,3,4.5,0.9,39.9604,-117.478,Z115,473924.09
1758.8,2,4.0,6.3,40.2311,-116.9213,Z127,538670.97
1137.1,4,4.5,9.9,36.4002,-115.3422,Z119,355470.02
1593.4,2,3.0,77.8,36.3241,-122.1085,Z116,398079.65
1122.3,2,2.0,47.7,41.5668,-118.5686,Z101,300141.65
1194.2,4,3.5,64.7,35.9789,-118.1653,Z122,391978.12
796.7,1,2.0,17.4,33.4203,-121.425,Z118,300512.64
1038.4,1,1.0,51.9,33.9507,-114.1265,Z101,257328.31
824.2,4,2.5,57.6,39.2488,-116.2519,Z115,288383.49
1012.1,3,3.5,15.3,36.1383,-121.1267,Z115,282694.7
2026.8,8,2.5,120.0,34.3938,-120.7364,Z127,575372.22
1025.3,1,2.0,57.2,40.231,-116.9583,Z121,368069.63
2816.2,4,1.5,109.6,37.1424,-124.3793,Z113,655632.06
1746.7,2,3.0,60.4,37.8926,-119.6276,Z119,443246.43
1592.4,2,1.0,44.9,33.9625,-120.8973,Z100,476188.86
1070.8,3,1.0,86.4,34.3312,-115.533,Z108,248751.65
1850.2,4,2.5,16.3,33.6956,-116.1914,Z114,402991.71
1212.2,3,4.5,45.9,37.3882,-121.013,Z114,370811.07
1561.0,4,1.0,7.2,39.8687,-115.4196,Z124,410179.87
2780.0,5,1.5,39.6,39.4567,-114.9072,Z110,692953.12
1452.0,5,1.5,46.2,34.9817,-118.6992,Z104,366714.71
2074.6,2,2.0,37.8,40.5897,-122.828,Z107,609972.09
1148.4,5,3.5,56.9,33.5038,-116.4116,Z121,280703.91
1482.5,3,2.5,16.0,33.5835,-121.1469,Z106,452998.74
2385.4,5,2.5,23.6,40.5684,-118.9635,Z128,557312.0
1186.5,3,1.0,0.3,34.822,-124.0213,Z105,375575.7
2406.2,6,1.0,4.7,39.2271,-119.2491,Z106,616032.45
1853.9,1,1.0,31.0,32.5863,-120.5072,Z118,452163.02
1218.8,1,3.0,24.8,33.3892,-117.2963,Z113,330586.01
1816.2,4,1.5,6.6,38.2882,-124.0718,Z110,506830.91
1986.3,3,2.5,8.4,34.233,-117.9381,Z118,490557.99
1810.9,7,1.5,12.7,32.768,-116.3945,Z125,544275.28
714.9,2,1.0,37.8,36.936,-124.3658,Z113,206050.59
1136.4,1,2.0,28.2,35.6399,-116.6254,Z118,311780.95
1376.2,2,2.0,2.2,40.1214,-123.1329,Z125,330655.14
1462.8,3,2.5,42.8,40.2789,-117.1704,Z105,427390.18
1810.3,2,1.0,9.1,38.337,-119.7196,Z100,472975.6
1588.9,3,2.5,33.4,35.2838,-118.7041,Z113,492033.68
832.3,3,1.0,3.9,36.8855,-120.9579,Z111,105087.04
1690.1,1,3.0,120.0,39.1714,-121.9226,Z128,436012.8
1805.3,4,1.5,2.5,33.1584,-123.754,Z111,384129.9
1779.9,4,1.5,40.6,35.6587,-115.4208,Z128,434943.48
2040.4,4,3.5,23.4,40.3125,-118.0905,Z108,502523.77
1917.0,3,3.5,2.7,36.3573,-114.1806,Z128,531930.91
1729.6,2,1.0,0.8,38.4343,-115.5703,Z108,522334.3
1464.9,2,1.0,13.5,33.4152,-115.3689,Z113,357351.01
669.5,2,1.0,48.6,39.8819,-118.2226,Z119,203875.41
1714.8,1,1.0,1.3,33.4544,-123.6501,Z101,369587.08
1603.8,4,2.5,36.6,40.6845,-114.9093,Z113,421514.64
1635.8,2,3.0,32.0,33.5127,-123.2622,Z122,436937.82
861.6,4,3.5,9.3,40.9635,-119.07,Z129,288200.55
959.5,2,1.0,2.4,35.9558,-115.503,Z128,354328.4
2026.6,7,4.5,74.1,38.433,-119.5397,Z106,630429.44
1480.2,5,3.5,10.7,40.5422,-122.7605,Z114,410351.55
1840.8,3,2.5,3.5,32.5973,-120.5814,Z121,474725.98
1514.2,1,2.0,34.3,35.0241,-114.1219,Z107,339067.38
1514.9,4,4.5,7.3,41.1292,-114.0025,Z118,447977.37
1969.1,1,4.0,19.4,36.1877,-117.0362,Z101,434426.52
1242.0,2,1.0,1.6,39.2106,-115.1761,Z125,334911.27
1548.1,2,4.0,120.0,33.8301,-124.0358,Z100,398570.57
1268.9,4,2.5,17.8,38.9445,-121.6023,Z127,386550.27
1282.8,5,2.5,120.0,33.195,-120.6259,Z118,372366.23
1345.4,2,2.0,14.6,39.3146,-124.374,Z123,309719.61
1611.1,2,1.0,12.8,35.5761,-120.5419,Z127,422030.06
1260.6,2,2.0,73.8,36.9256,-123.5232,Z107,411510.49
2127.9,3,1.5,12.0,34.0795,-119.0672,Z106,593331.38
1052.7,4,1.5,17.0,38.4646,-124.4536,Z127,347972.58
1406.6,1,2.0,2.4,35.7069,-121.6603,Z117,265747.02
1280.1,4,1.0,93.3,36.1421,-115.404,Z118,347472.75
2223.5,5,2.5,2.7,38.6958,-122.2629,Z112,531939.8
1598.3,1,4.0,44.2,34.1992,-123.8191,Z115,405334.46
2015.9,2,2.0,23.2,40.5941,-121.8778,Z122,473629.55
757.2,3,1.5,1.9,39.5232,-115.8106,Z110,302608.5
1633.5,1,1.0,0.1,37.9884,-118.3345,Z123,373171.44
1944.8,3,3.5,82.3,33.7192,-118.3462,Z124,416456.34
1541.1,4,1.5,40.7,39.0275,-124.494,Z121,401003.98
2032.7,4,1.0,34.8,32.6719,-119.5424,Z109,486787.81
1241.4,3,1.5,17.3,40.1418,-121.711,Z118,375566.71
2204.7,5,4.5,8.2,35.3861,-120.9698,Z124,596424.79
2649.4,1,4.0,34.2,33.6135,-118.2138,Z104,545077.13
1318.6,4,4.5,28.1,34.0626,-115.3194,Z111,360103.9
1277.2,2,3.0,38.9,41.6498,-122.5926,Z103,402560.9
2226.7,1,2.0,13.7,39.8514,-116.4337,Z124,601146.7
2289.8,4,3.5,120.0,34.7598,-123.9865,Z125,503440.64
1238.6,3,3.5,2.1,41.6529,-121.0693,Z127,386450.28
1289.9,2,2.0,2.5,33.8311,-122.2014,Z115,322712.32
1359.1,2,1.0,74.6,39.4685,-114.8864,Z101,387632.32
827.8,1,1.0,31.3,38.739,-122.631,Z125,166732.32
1040.7,2,2.0,11.9,40.304,-118.4244,Z103,361759.36
997.9,4,5.5,43.1,36.1261,-122.7698,Z128,319241.26
1116.1,4,1.5,18.1,36.3174,-119.5284,Z115,285680.87
1482.7,6,2.5,0.6,38.4334,-120.1593,Z121,441950.82
1617.1,1,1.0,31.6,36.283,-124.0657,Z110,430511.85
2275.3,4,1.5,8.4,32.8928,-115.8284,Z105,485864.16
1000.8,1,3.0,3.7,39.4322,-116.3088,Z127,313977.3
1992.2,2,4.0,7.7,38.589,-121.5825,Z110,524888.76
1393.0,2,1.0,19.4,36.5253,-118.0531,Z109,323861.11
1475.3,2,1.0,1.5,35.3769,-120.692,Z114,373067.69
1837.4,1,1.0,64.4,35.5469,-116.4231,Z120,351610.94
938.6,3,3.5,24.6,39.5398,-117.2289,Z125,349424.94
1691.2,5,1.5,10.4,39.427,-123.5501,Z106,460296.26
1583.2,1,1.0,34.8,40.2797,-115.636,Z120,261594.07
1746.2,2,2.0,48.9,39.7407,-122.616,Z114,444794.86
1644.6,5,3.5,28.6,39.7005,-122.6718,Z121,418639.22
2727.7,2,1.0,6.8,34.8918,-116.7957,Z129,598166.24
1181.1,2,4.0,3.5,33.4653,-122.5759,Z129,304763.58
1234.5,4,1.5,59.0,39.7366,-123.2148,Z100,348232.61
1188.4,2,2.0,8.0,33.4369,-120.9764,Z107,372987.74
1222.3,2,1.0,0.6,41.8301,-115.6935,Z129,365072.69
1181.3,3,4.5,30.9,40.8133,-122.6435,Z104,242587.46
2094.5,4,3.5,5.0,37.5679,-120.9397,Z120,502081.32
2210.3,4,2.5,120.0,35.8457,-121.4943,Z129,557498.94
1214.6,4,2.5,61.1,37.505,-120.7614,Z125,349612.01
1083.8,5,1.0,28.1,39.4759,-117.0001,Z105,336908.18
1735.7,2,1.0,53.8,39.6851,-120.2426,Z121,475550.17
1223.9,1,4.0,19.1,33.1998,-116.5244,Z123,298302.65
1816.5,3,1.5,46.6,40.1461,-117.7758,Z103,489648.02
1601.5,3,4.5,31.2,38.5942,-120.7085,Z114,423251.23
742.1,2,2.0,0.9,32.8855,-119.9615,Z103,293097.51
2273.8,3,1.0,89.1,35.475,-117.112,Z102,526537.53
2397.9,5,1.0,59.2,37.3511,-118.8851,Z124,521399.24
1193.6,1,2.0,92.0,34.2903,-115.3824,Z115,301204.89
1306.1,2,1.0,39.4,33.9748,-114.7016,Z115,306884.38
1642.9,4,2.5,15.9,32.6357,-116.9641,Z107,501029.94
1667.2,2,1.0,7.0,41.1597,-114.1133,Z120,347753.03
1829.3,1,3.0,6.0,33.033,-118.2364,Z126,543513.84
2505.1,5,1.5,4.7,35.9771,-124.0818,Z123,683745.85
1411.5,1,2.0,7.5,34.4548,-119.1991,Z105,314885.84
1100.9,2,2.0,24.0,39.5398,-122.0849,Z120,339117.27
810.3,3,2.5,34.5,39.2183,-120.996,Z112,188411.35
1134.5,2,1.0,11.3,40.1591,-119.3543,Z108,312281.46
1483.4,6,1.5,23.9,38.3597,-121.402,Z108,388281.42
2397.3,5,3.5,12.5,38.1207,-121.249,Z110,638758.33
1241.2,3,2.5,35.8,36.3676,-120.2788,Z107,427903.0
1611.9,4,2.5,120.0,38.5454,-121.4922,Z127,454299.5
1491.8,5,3.5,35.0,33.5945,-122.7202,Z112,353274.53
2094.2,2,1.0,1.8,39.0029,-116.4616,Z125,488394.57
2763.5,2,3.0,19.5,33.487,-120.3503,Z118,692128.71
1234.6,4,1.5,44.1,40.6865,-115.7665,Z128,394907.98
1255.3,4,1.5,23.4,37.304,-115.2315,Z124,400252.39
2022.1,7,2.5,90.5,37.5384,-116.6149,Z121,531762.47
1840.9,6,1.5,1.7,38.0561,-120.3349,Z124,497990.7
2423.4,4,3.5,10.3,39.8725,-116.9261,Z100,717750.26
1792.0,3,1.5,7.5,37.0455,-122.8702,Z116,469267.87
1320.4,5,2.5,43.8,36.5621,-117.5583,Z105,371944.83
1795.3,2,1.0,22.3,35.2392,-120.2367,Z111,405867.15
2054.4,6,1.5,4.5,33.7164,-117.6157,Z103,531464.55
1910.2,2,3.0,10.1,34.3083,-116.5747,Z120,432793.17
1753.6,6,4.5,22.2,32.505,-118.5918,Z115,467330.91
2033.3,3,2.5,120.0,40.7595,-117.754,Z120,428567.06
2084.6,2,3.0,13.6,39.7671,-122.258,Z102,582113.94
2191.1,5,3.5,5.1,34.5775,-118.2767,Z124,533648.31
1824.4,3,2.5,20.6,32.5227,-119.665,Z116,434262.07
1416.4,2,2.0,11.1,37.1751,-120.0054,Z121,352643.55
1573.4,2,3.0,25.0,36.4194,-120.1917,Z117,386709.18
2103.3,1,2.0,18.9,39.8721,-121.2353,Z117,519473.12
1091.5,4,1.5,35.1,36.3275,-121.294,Z124,360664.59
1684.3,2,6.0,73.7,40.7091,-117.1531,Z125,448591.4
1303.3,3,2.5,6.7,33.4105,-118.6431,Z117,373310.24
1514.4,2,2.0,51.6,35.9757,-124.1855,Z124,428313.34
2139.2,3,1.5,89.4,41.3724,-123.9905,Z127,514980.79
1595.5,2,1.0,14.0,32.6114,-118.5138,Z127,368020.73
1523.2,1,2.0,3.6,36.2125,-115.614,Z107,471252.3
820.1,2,2.0,51.8,34.9672,-124.0382,Z122,172186.5
1873.1,3,2.5,36.2,37.5527,-119.1743,Z107,463926.3
1822.7,1,2.0,7.2,35.1483,-115.5631,Z112,417260.42
2581.6,2,1.0,17.7,40.7641,-124.4533,Z111,533949.49
1346.1,3,6.0,25.9,41.4028,-121.6042,Z124,356830.76
1609.6,1,4.0,5.6,40.5668,-114.8408,Z114,368331.71
1624.7,4,3.5,37.6,36.2864,-123.6446,Z109,451571.95
2288.7,1,4.0,35.1,41.9044,-118.1265,Z108,539554.66
1452.4,5,2.5,65.4,39.4828,-119.1725,Z102,424072.12
1639.5,1,2.0,25.1,35.8783,-122.9074,Z109,443170.65
1803.9,1,1.0,25.6,33.3901,-124.0539,Z116,397562.35
1593.3,5,5.5,29.0,38.8369,-119.2228,Z114,429994.35
1276.8,1,1.0,9.6,39.4214,-116.7811,Z123,336396.5
1597.0,2,3.0,42.6,33.6634,-122.639,Z128,411794.52
2036.8,2,3.0,32.6,37.7225,-117.2411,Z128,475908.77
986.7,4,1.5,54.8,41.8773,-118.763,Z109,280284.4
1566.5,2,1.0,43.9,35.5993,-120.7426,Z119,414444.99
1149.9,4,1.5,30.5,35.368,-117.5235,Z120,372216.11
2097.5,5,1.0,5.3,41.0814,-122.4842,Z113,562999.83
738.4,2,2.0,75.5,33.6155,-119.7022,Z126,233481.16
1220.5,3,1.0,13.7,41.3685,-118.7323,Z115,272617.23
1688.6,4,1.0,100.0,39.9051,-119.6837,Z121,458139.75
2282.8,5,3.5,15.4,36.213,-120.3262,Z105,634042.75
1467.1,2,2.0,4.7,33.2937,-116.7204,Z106,435239.37
1222.4,4,2.5,64.8,32.6822,-117.6109,Z129,351312.71
2440.6,4,2.5,47.6,36.0704,-117.7856,Z109,562336.42
776.0,2,3.0,46.3,39.2009,-115.1361,Z118,270546.05
400.6,3,1.5,2.8,37.1315,-114.0682,Z117,120312.85
1720.0,1,2.0,63.4,39.5172,-118.5444,Z127,469287.14
1249.0,7,1.0,27.2,38.8704,-120.8432,Z108,313962.68
989.4,1,1.0,19.1,37.9426,-116.3218,Z129,258074.72
1854.2,1,5.0,73.3,41.6912,-123.008,Z101,457705.71
1621.9,1,2.0,32.9,39.4197,-119.1145,Z108,347832.31
1218.0,1,1.0,4.3,41.1888,-118.9927,Z125,307439.61
859.8,1,1.0,22.0,34.8005,-114.1736,Z103,307847.11
1936.2,1,1.0,30.4,39.2796,-114.0944,Z110,555028.19
1825.1,5,2.5,68.6,38.1791,-116.1083,Z116,477272.18
1450.4,1,1.0,9.9,41.2808,-119.5333,Z102,390272.12
2423.3,6,1.5,47.4,37.3493,-118.7541,Z125,582146.49
965.0,3,4.5,48.3,35.1566,-121.1427,Z114,249006.69
737.2,4,2.5,4.1,36.156,-115.7866,Z129,281485.98
1154.0,1,1.0,0.5,34.5789,-116.6613,Z101,264786.45
1477.2,7,1.5,26.1,34.5897,-116.4,Z115,405647.72
1621.7,4,1.5,46.7,36.969,-123.0439,Z103,402734.58
1379.4,1,3.0,24.3,40.9794,-120.3143,Z117,405942.74
1676.0,2,3.0,50.4,34.3228,-118.8578,Z127,496034.72
874.2,8,1.0,29.2,35.2348,-123.1911,Z109,322590.63
2221.9,3,2.5,31.8,40.6034,-120.6295,Z105,595906.02
1458.9,2,2.0,0.9,35.7229,-123.582,Z110,432954.81
2058.6,3,1.5,2.8,41.6429,-114.4322,Z109,495133.96
1671.4,4,1.5,38.7,35.0547,-116.6117,Z100,443971.15
1728.4,1,1.0,43.2,36.7004,-117.9821,Z115,366882.24
1784.9,5,1.0,23.4,33.4083,-122.349,Z104,456681.25
1723.9,1,2.0,26.8,41.9257,-120.9917,Z108,481746.81
1821.4,5,3.5,28.6,40.9563,-122.9829,Z116,463701.87
2164.6,2,1.0,3.3,40.2668,-118.8707,Z103,527246.5
1598.3,1,2.0,33.1,33.9948,-115.8846,Z101,363665.0
1854.5,1,2.0,19.5,41.7089,-124.3001,Z126,545172.86
1455.1,2,2.0,27.7,41.3269,-123.4153,Z101,380756.16
2220.1,1,1.0,24.8,36.6389,-122.0918,Z104,498126.1
1161.8,2,3.0,43.2,38.9756,-117.0023,Z101,235575.17
2400.5,1,1.0,11.5,41.9284,-115.1132,Z112,540379.54
1479.9,3,3.5,14.0,36.3926,-116.5934,Z104,354959.16
784.6,6,2.5,14.9,33.5739,-118.9881,Z100,378344.94
1564.1,2,1.0,43.1,40.7439,-123.3963,Z120,311363.3
1159.5,1,1.0,16.9,37.0266,-116.5734,Z128,281465.03
1920.3,2,2.0,5.8,41.8762,-123.3908,Z129,486370.72
1173.7,1,1.0,120.0,37.7335,-120.8493,Z114,237392.2
1276.9,6,2.5,20.4,32.78,-121.2661,Z118,378521.24
555.2,4,3.5,3.5,37.1714,-120.7282,Z113,205267.16
1273.8,1,1.0,33.3,39.3216,-121.0399,Z111,359022.77
300.0,2,2.0,40.3,32.7473,-116.4236,Z101,114363.42
708.0,5,3.5,20.8,36.4278,-122.6969,Z126,307930.16
1880.2,2,3.0,31.2,33.9778,-115.6186,Z119,494659.53
1892.9,3,4.5,5.7,38.6094,-115.4883,Z100,455873.16
1712.7,2,1.0,13.8,41.5948,-119.3453,Z102,482235.84
1016.5,1,2.0,5.3,38.4336,-123.3854,Z110,292340.17
1476.1,5,3.5,14.7,39.1013,-118.4582,Z116,377259.95
1498.2,3,1.5,24.8,36.2673,-115.8802,Z123,418529.15
920.8,3,1.0,17.5,37.8498,-121.4605,Z104,169228.88
2251.7,2,1.0,27.0,37.6666,-115.7037,Z116,435256.71
1938.7,5,1.0,20.9,39.7163,-117.3924,Z117,498582.51
1389.5,2,1.0,11.5,40.6407,-114.1339,Z124,395848.31
1513.4,2,4.0,4.6,38.7974,-115.8405,Z122,355151.22
1604.2,2,1.0,8.7,41.8082,-122.3842,Z102,470882.71
479.1,1,2.0,6.7,40.3687,-119.7855,Z114,188881.12
1376.4,3,1.0,36.9,33.6841,-123.4132,Z115,301121.29
1159.0,5,3.5,51.4,37.321,-123.7685,Z114,320462.58
999.2,2,1.0,38.2,41.0807,-117.0864,Z116,229083.05
1359.4,2,1.0,31.0,41.4674,-114.9142,Z117,213728.46
2398.8,4,1.0,11.0,36.112,-114.2775,Z122,506999.9
1820.4,5,1.0,37.2,39.3942,-121.6601,Z107,521827.03
1214.4,4,1.5,27.9,36.4002,-122.3814,Z120,275264.46
1786.3,2,3.0,1.4,33.6748,-118.6177,Z128,512758.2
2199.7,2,1.0,71.5,40.9038,-122.391,Z127,546029.84
1962.3,2,1.0,2.5,41.3536,-121.393,Z113,575020.15
1529.8,2,2.0,21.0,37.2951,-115.7091,Z103,362622.5
1176.5,2,6.0,21.6,32.6739,-115.9901,Z109,442782.58
1849.1,3,2.5,54.4,40.2523,-115.1017,Z119,525123.36
1696.7,5,2.5,73.3,37.0311,-119.4364,Z120,406862.78
1947.6,3,2.5,84.2,33.2128,-118.5771,Z106,559318.6
1817.6,3,2.5,25.3,34.2992,-116.4088,Z129,449902.07
2024.8,5,2.5,34.1,33.9451,-121.9877,Z128,595427.73
1232.4,4,4.5,2.8,39.0196,-115.8575,Z122,321832.79
2158.7,1,2.0,20.1,35.3444,-124.3156,Z119,538229.04
1598.8,2,1.0,68.4,33.7131,-116.1246,Z100,413134.82
2537.6,1,1.0,18.2,41.2177,-116.353,Z120,491452.22
1155.4,5,3.5,2.2,41.587,-121.3313,Z106,356911.48
2368.0,1,1.0,6.7,33.8165,-116.8569,Z111,520616.41
1599.0,5,3.5,16.8,34.6872,-122.2531,Z103,475303.28
1174.3,4,3.5,8.1,38.1251,-118.4496,Z106,400719.05
1258.1,3,1.5,14.9,33.9298,-117.1438,Z123,337385.89
1339.8,3,1.0,12.1,34.0066,-116.9957,Z114,277040.59
1712.1,3,2.5,11.5,35.6975,-114.1792,Z101,399519.45
1761.4,1,3.0,2.9,41.5171,-122.5889,Z101,426883.21
1213.1,1,1.0,64.3,41.6432,-119.4516,Z104,267275.09
1487.8,2,2.0,35.4,40.497,-115.2589,Z102,385410.63
2571.1,3,2.5,29.3,39.1093,-118.6041,Z115,636790.27
2363.8,3,4.5,28.0,39.3464,-115.2979,Z103,635447.07
1718.2,3,1.0,15.2,36.9609,-119.9424,Z114,413068.62
1519.0,4,2.5,52.0,37.5365,-116.1488,Z116,379363.92
1560.0,5,2.5,79.8,38.5273,-115.3645,Z110,418641.0
1806.8,2,2.0,0.2,39.4472,-115.6124,Z103,437036.64
988.6,2,2.0,2.5,33.42,-115.3507,Z126,309456.94
1371.3,3,1.5,33.7,34.6364,-122.1947,Z103,402612.87
665.7,2,1.0,8.1,41.648,-119.8907,Z103,284151.67
1699.6,4,1.5,72.8,35.6839,-122.667,Z118,442220.41
1823.6,5,2.5,33.0,35.0505,-122.6043,Z101,412629.21
1258.4,4,1.0,13.8,36.5082,-119.3778,Z115,298090.29
2287.0,4,1.5,16.1,35.2637,-114.4191,Z119,593076.06
887.1,5,3.5,35.2,33.3662,-118.2849,Z112,315558.73
767.8,2,2.0,4.6,34.4756,-115.5346,Z107,229588.45
1612.2,5,1.5,64.5,38.5815,-114.6596,Z118,492827.06
2023.5,1,2.0,0.1,34.6202,-123.591,Z121,455980.05
2342.0,2,1.0,115.8,38.6528,-122.7983,Z101,469436.27
1270.6,3,5.5,5.5,33.4508,-121.4462,Z116,398127.84
2039.3,3,2.5,40.7,32.8978,-118.0238,Z122,461825.83
1480.7,3,1.5,1.2,40.6849,-123.8518,Z111,350737.45
1413.7,2,2.0,16.9,39.7202,-116.2401,Z113,399885.78
1941.8,5,1.5,29.9,38.8273,-123.8302,Z111,509530.49
1826.2,3,3.5,2.2,32.7935,-122.8365,Z121,488131.65
711.8,2,5.0,17.6,34.7739,-120.4921,Z112,239859.27
2238.3,3,5.5,10.8,40.217,-118.6439,Z109,592053.03
2190.0,6,5.5,20.7,33.8743,-115.2442,Z103,566115.06
1187.2,8,1.5,21.1,40.2221,-114.3808,Z106,458919.78
1697.9,3,5.5,46.1,38.0502,-115.2113,Z121,350862.93
1747.0,1,2.0,4.0,39.5335,-123.376,Z101,420310.38
1630.3,5,3.5,2.6,38.6228,-117.8721,Z114,463688.55
1224.8,3,2.5,15.4,36.4614,-119.862,Z103,435086.81
1164.2,4,2.5,65.5,35.2738,-123.1792,Z129,288464.05
1487.2,3,1.5,58.0,38.8909,-118.6713,Z108,375005.1
2086.4,2,1.0,24.6,40.1657,-120.7551,Z123,485757.37
1771.8,3,2.5,65.9,32.925,-120.8692,Z105,413942.57
1314.7,1,1.0,49.1,36.1091,-123.5083,Z128,380586.12
1885.8,3,6.0,9.8,35.8319,-114.222,Z116,483628.59
300.0,1,4.0,5.6,37.815,-116.8774,Z106,197182.83
2074.4,1,1.0,10.7,33.5823,-121.5565,Z115,518541.3
630.1,3,1.5,7.7,41.3675,-114.8665,Z116,239013.73
1318.8,1,1.0,29.2,37.7108,-114.5451,Z129,314487.56
940.2,1,1.0,26.4,41.2757,-115.9911,Z107,224993.14
852.7,1,3.0,27.4,40.2609,-117.5772,Z102,265427.62
2080.4,4,4.5,6.3,34.3206,-120.548,Z124,583805.13
1266.1,3,3.5,47.1,33.7572,-119.9394,Z128,301905.71
1673.3,4,1.0,17.1,40.6819,-119.7224,Z120,382835.07
1476.5,7,1.5,19.2,37.593,-114.538,Z121,426675.86
1738.5,3,1.5,120.0,32.6876,-116.5186,Z119,443827.0
1538.4,1,2.0,9.9,41.3752,-121.4338,Z105,361062.61
858.5,3,4.5,15.0,36.9938,-117.9413,Z124,304557.64
1998.1,3,1.0,33.9,35.3589,-118.264,Z122,420478.62
1253.1,2,1.0,63.7,37.4077,-115.9727,Z117,304227.19
721.7,7,1.5,4.1,40.3177,-123.4993,Z110,330786.56
1285.9,2,1.0,39.8,33.5478,-117.1366,Z105,466299.9
2250.4,4,1.0,75.1,35.9099,-121.0227,Z126,529269.88
1925.1,3,4.5,16.5,35.5292,-123.1389,Z126,518213.47
1325.7,2,3.0,10.1,40.4767,-116.8164,Z112,396508.77
1325.4,1,2.0,34.0,39.8954,-121.0177,Z128,285323.67
1339.2,7,2.5,8.5,36.301,-116.8337,Z127,558817.49
2538.4,5,3.5,14.5,38.8126,-122.7944,Z108,594861.24
1691.0,5,2.5,68.2,36.2472,-114.1478,Z107,419091.19
1715.0,1,2.0,26.8,37.9275,-116.0642,Z112,418467.49
2015.1,4,5.5,3.0,41.9165,-121.4639,Z126,573635.22
1619.4,4,2.5,12.0,37.588,-116.7245,Z128,408942.85
1370.5,2,2.0,29.6,41.8915,-123.0741,Z113,341941.58
1401.8,1,3.0,19.7,39.5984,-117.6389,Z100,424952.82
1464.2,4,1.5,32.4,33.6469,-123.8738,Z104,315711.0
1481.4,5,1.5,43.0,40.0617,-120.9994,Z105,429826.72
1863.8,5,3.5,19.7,34.0322,-114.2261,Z108,448956.6
1526.0,2,1.0,120.0,37.5571,-123.2303,Z119,485112.06
1866.3,6,1.5,73.8,38.3258,-118.227,Z112,526363.85
1459.6,3,4.5,1.9,40.9762,-123.7586,Z100,390137.72
1539.3,4,3.5,9.3,34.499,-117.4713,Z129,405479.79
500.9,4,2.5,10.7,40.8214,-121.574,Z121,263609.83
1958.2,2,4.0,6.1,41.3777,-121.2453,Z124,390577.11
1673.2,8,2.5,11.2,33.3501,-120.9531,Z105,451881.5
1999.0,4,1.5,16.6,40.9102,-122.3459,Z106,513673.19
300.0,3,2.5,1.6,34.9622,-114.6126,Z109,129835.89
2544.2,1,2.0,4.1,33.2695,-114.9888,Z103,622848.17
1430.2,2,1.0,3.0,41.6065,-115.3648,Z128,361655.51
2054.1,2,6.0,1.4,36.2259,-123.3823,Z117,464914.17
980.0,1,2.0,19.7,38.4183,-122.0488,Z128,340749.99
1806.4,4,4.5,12.2,37.7523,-118.0716,Z115,520295.99
973.3,4,3.5,82.2,34.5252,-114.3111,Z118,350081.19
1188.1,2,4.0,3.3,38.8609,-118.1494,Z110,379561.31
2457.0,3,1.5,78.1,32.9381,-121.0654,Z116,557607.8
1404.7,6,4.5,2.7,34.4294,-115.9173,Z101,477194.18
1608.7,2,1.0,29.0,41.4743,-123.078,Z106,378998.32
1935.0,2,1.0,8.5,41.5583,-115.2417,Z108,403581.82
1747.8,4,1.0,52.6,37.0852,-114.2659,Z124,495289.91
1575.2,5,1.5,1.9,34.1062,-114.3396,Z124,466078.51
1682.5,2,3.0,91.4,36.5054,-122.9492,Z126,420680.88
2701.7,2,1.0,1.5,40.8322,-118.7291,Z113,657592.38
1471.2,4,3.5,8.3,33.1676,-118.3584,Z116,347285.02
1600.5,3,1.0,18.7,33.7148,-122.4534,Z114,383831.7
2025.3,4,2.5,42.3,41.0087,-118.7588,Z106,511430.29
2052.8,3,3.5,90.5,36.4461,-117.7114,Z129,552067.53
2093.5,2,5.0,16.8,33.2929,-121.0459,Z106,570792.14
1819.4,5,2.5,42.5,33.8225,-121.1854,Z113,492757.48
928.5,1,1.0,39.0,40.8833,-123.8675,Z108,213336.96
2316.7,4,5.5,25.4,37.156,-114.4533,Z108,582084.32
926.8,3,1.5,35.2,34.0484,-116.062,Z116,285192.22
1651.3,1,5.0,1.2,40.9936,-116.5258,Z125,425977.82
1122.9,4,3.5,17.5,40.5301,-124.2713,Z120,385376.65
1467.9,4,1.0,46.2,32.7187,-117.9448,Z101,357352.06
1664.4,3,1.0,19.3,38.0194,-122.6034,Z111,409898.82
1660.7,1,2.0,62.0,34.8212,-117.552,Z121,426914.42
1711.0,3,3.5,53.8,37.5648,-117.9779,Z115,343944.0
2306.9,5,2.5,59.7,35.153,-115.5548,Z101,589281.9
1726.8,1,1.0,4.2,35.5008,-121.8179,Z114,473833.96
1377.9,5,1.5,8.4,38.2176,-124.2117,Z105,407851.58
1982.0,2,3.0,0.9,37.6192,-114.9018,Z122,489903.98
2094.7,2,2.0,120.0,36.2543,-114.9593,Z129,477947.92
886.2,2,5.0,8.1,33.5219,-119.7135,Z121,264511.75
1798.7,3,4.5,13.7,41.7095,-123.6801,Z127,509491.16
1850.6,5,1.5,9.6,34.1588,-119.2713,Z110,529911.24
1351.2,5,2.5,1.2,38.5146,-118.9979,Z128,441214.22
2187.9,2,2.0,9.1,33.2861,-115.8719,Z116,520350.2
1425.0,3,3.5,3.1,39.039,-116.9704,Z103,453979.8
1562.8,1,1.0,15.0,33.401,-123.7566,Z118,391795.66
1413.5,4,2.5,102.2,34.6803,-117.094,Z104,392916.77
1507.8,2,3.0,35.9,38.6464,-123.0747,Z122,427667.47
951.9,8,1.0,36.8,35.1879,-123.5605,Z111,301193.97
780.0,5,2.5,18.1,37.5621,-120.3146,Z118,319121.31
2297.3,4,2.5,50.0,33.6828,-123.6877,Z100,566110.53
1076.5,3,2.5,71.7,34.4228,-115.7927,Z126,358329.26
1004.3,3,1.5,97.8,39.4709,-119.6371,Z110,305148.04
423.3,1,1.0,3.1,32.8338,-118.3365,Z124,154270.26
1180.5,1,4.0,63.5,33.5621,-118.4429,Z121,317399.15
838.5,3,1.5,7.6,34.5421,-114.2298,Z105,268579.81
2321.0,4,2.5,15.2,32.6918,-114.8843,Z103,611389.58
2004.9,2,1.0,12.7,33.4061,-115.5842,Z126,572039.22
1155.9,2,1.0,33.7,35.1732,-120.4757,Z116,263381.01
2626.2,4,1.5,27.3,33.3827,-122.9765,Z111,609029.93
1990.9,2,1.0,3.5,40.7281,-118.2854,Z124,455694.16
1337.6,3,1.0,45.8,33.1277,-119.8767,Z109,334821.94
300.0,2,1.0,17.4,40.6793,-122.132,Z122,43877.17
2645.5,1,2.0,0.1,40.3172,-123.4742,Z127,688930.99
805.2,4,1.0,16.1,33.4572,-119.921,Z125,305990.83
677.3,3,1.5,21.8,32.7393,-117.6659,Z113,134254.31
2011.3,2,2.0,2.1,32.9749,-117.9334,Z106,531276.65
2719.9,4,2.5,4.9,38.1086,-116.3738,Z126,676360.86
2192.1,2,1.0,120.0,38.8684,-119.6012,Z122,480906.68
1782.0,3,4.5,61.5,38.3962,-121.1228,Z122,442762.51
1797.4,1,2.0,4.3,37.644,-118.8436,Z123,458785.02
1926.7,4,4.5,26.0,34.1595,-114.2624,Z110,496684.39
1879.5,4,1.5,14.3,40.4891,-124.0265,Z123,476215.37
1640.6,3,2.5,23.5,35.6118,-118.949,Z102,428290.46
1552.1,1,4.0,19.1,41.8687,-121.0427,Z107,422187.22
1468.7,1,2.0,1.5,36.1561,-123.3938,Z119,432989.46
1123.0,3,5.5,11.4,34.9985,-119.936,Z122,399017.82
1359.7,2,2.0,4.0,40.9954,-117.7678,Z104,309217.42
653.5,3,1.5,20.1,37.8904,-118.9543,Z127,288825.51
1450.8,2,1.0,71.4,39.3576,-124.1936,Z103,307679.22
1005.7,6,1.5,120.0,36.3798,-118.4193,Z112,211275.13
948.2,4,2.5,86.6,40.9257,-122.064,Z103,319281.03
1589.9,3,1.5,120.0,41.2184,-120.9145,Z105,412860.33
2196.0,4,2.5,0.5,36.6493,-121.2219,Z101,556406.98
1959.2,6,4.5,39.2,34.7869,-115.4856,Z128,521292.51
714.7,3,2.5,9.6,38.6529,-124.0005,Z104,276100.19
1005.2,1,5.0,60.2,41.5686,-120.846,Z114,219258.11
1970.4,1,3.0,50.4,38.4132,-120.3544,Z107,493950.36
1008.8,7,4.5,16.5,41.5651,-118.0022,Z101,345615.89
1387.7,5,1.5,19.2,35.7662,-116.2159,Z120,377687.17
1775.0,2,1.0,9.2,41.1933,-116.8595,Z122,370765.53
1015.8,6,2.5,10.2,33.5694,-116.5975,Z104,270486.66
1552.7,6,1.5,119.2,35.9089,-122.4799,Z125,443239.91
833.0,2,3.0,65.9,37.1975,-114.9268,Z108,207655.15
1199.3,4,2.5,6.4,38.7045,-120.1514,Z124,397878.77
1659.9,2,1.0,9.7,35.2943,-124.3834,Z107,402025.89
703.5,1,1.0,3.5,41.2803,-117.485,Z113,213167.83
1720.2,5,1.0,120.0,41.0832,-118.158,Z115,464448.24
1490.2,7,2.5,71.3,40.0937,-123.1774,Z124,481187.1
1776.2,1,2.0,24.1,33.5864,-114.4214,Z101,384953.61
1612.0,2,1.0,35.4,33.2438,-118.6036,Z102,339184.35
2182.1,1,3.0,41.3,37.2322,-119.5727,Z103,577353.72
1562.6,4,1.5,6.8,39.7708,-120.3197,Z114,387248.28
1285.3,5,2.5,81.8,33.6707,-122.2966,Z104,349683.21
1561.1,2,1.0,22.4,38.5937,-114.4955,Z114,300198.91
1771.6,1,2.0,2.9,37.5146,-117.1273,Z125,438243.03
1524.4,3,2.5,15.2,39.3969,-118.5402,Z127,447793.53
1520.3,2,1.0,27.6,36.6361,-117.8724,Z117,413209.02
1149.0,3,2.5,13.1,39.0863,-115.6756,Z112,362901.11
1168.5,3,1.0,36.0,34.0163,-117.8249,Z110,396076.68
798.7,5,3.5,64.1,34.5386,-123.2968,Z109,309236.36
2374.8,4,1.5,44.3,41.0817,-117.1784,Z103,569089.35
878.1,2,3.0,30.9,35.6291,-118.5689,Z129,251423.15
1153.5,7,4.5,21.5,41.8623,-114.3534,Z119,353374.86
1140.8,3,1.5,8.8,32.9389,-116.7959,Z104,297617.99
1947.5,3,5.5,18.2,37.2108,-120.888,Z121,494848.37
1352.5,1,1.0,10.4,35.5874,-123.0783,Z100,375876.68
2123.9,6,3.5,81.6,41.9617,-119.4361,Z112,521475.23
1163.3,3,3.5,71.4,41.9053,-117.3668,Z113,298335.14
1639.5,1,2.0,5.1,34.7348,-122.6386,Z121,447376.56
1082.3,6,1.5,51.9,35.0389,-117.6808,Z115,277373.84
2572.6,3,1.0,36.4,39.6219,-115.8311,Z112,686852.42
906.2,6,5.5,110.9,40.9519,-122.851,Z114,310530.32
1654.9,1,1.0,18.7,38.8051,-117.0893,Z108,332253.9
1816.9,5,1.0,38.4,40.7147,-123.7833,Z102,500731.79
1706.9,4,1.5,21.9,33.1013,-124.4165,Z101,412924.87
1407.4,4,2.5,2.2,38.585,-124.1573,Z111,354376.26
1435.1,4,1.5,1.4,39.1516,-117.8692,Z123,402925.44
1521.9,1,5.0,3.9,34.308,-114.2797,Z117,408805.85
1426.5,1,1.0,10.5,39.8907,-116.4006,Z123,350571.33
1981.9,8,2.5,9.0,41.4705,-121.8287,Z125,597636.06
2605.3,6,3.5,39.1,41.0307,-123.7473,Z103,746609.64
1221.3,4,1.5,37.8,34.8272,-118.0251,Z124,322463.42
815.1,2,1.0,106.6,35.5779,-124.4661,Z119,273940.43
1455.9,3,1.5,11.1,37.2463,-116.1779,Z114,374631.59
2789.9,4,2.5,83.6,34.0044,-121.9472,Z100,605071.1
1098.2,4,1.5,28.5,41.5626,-121.3582,Z107,424715.96
2319.6,2,2.0,20.5,34.0352,-120.8882,Z116,510088.99
2338.9,1,2.0,33.1,39.7335,-116.4827,Z104,523476.57
1223.2,4,4.5,36.4,35.7436,-121.7097,Z106,452416.01
1784.5,1,1.0,5.7,37.9503,-121.5131,Z102,488806.01
2314.2,4,3.5,41.8,32.9482,-118.8196,Z105,566427.63
1310.4,5,3.5,38.7,34.4476,-119.6385,Z112,400445.17
1398.2,2,3.0,120.0,36.7217,-114.4665,Z115,385123.7
1209.2,4,3.5,72.9,38.9333,-121.7343,Z126,380131.15
992.6,2,1.0,34.6,39.8868,-123.5351,Z116,221822.49
1175.4,3,1.0,37.4,32.7863,-118.8197,Z105,334140.97
888.0,4,2.5,87.6,33.9487,-122.5625,Z129,227057.23
1517.0,4,2.5,102.5,39.433,-120.1569,Z104,410099.24
1115.0,3,1.0,52.6,40.224,-122.5344,Z117,233932.64
1616.9,5,1.5,43.8,34.7474,-115.2498,Z103,434206.3
722.1,3,1.0,3.5,34.6817,-121.0618,Z111,244861.64
1665.4,2,1.0,53.2,33.3363,-116.3639,Z127,438772.86
1916.8,1,1.0,8.8,33.9278,-114.5397,Z115,468312.53
503.1,4,1.0,24.9,32.5762,-114.6242,Z110,256025.58
1687.0,2,1.0,15.6,38.1034,-118.9896,Z127,428586.4
2113.8,4,2.5,12.7,41.087,-114.1758,Z126,545544.74
895.2,5,5.5,11.1,33.921,-117.6127,Z110,415953.08
2336.3,1,1.0,58.0,39.6387,-123.1509,Z122,530074.3
1709.5,2,1.0,44.0,37.9498,-115.172,Z105,400258.48
1147.5,2,3.0,22.2,41.4293,-119.5788,Z126,367184.84
1472.1,2,6.0,32.8,40.0822,-122.8967,Z125,401718.18
1779.2,1,2.0,120.0,40.6009,-116.1901,Z115,432564.66
1538.0,2,1.0,15.2,38.5719,-117.9438,Z105,397908.68
1769.4,2,1.0,24.0,40.2077,-115.2377,Z108,404270.27
1039.7,7,1.5,22.9,35.8333,-115.8131,Z117,264464.72
1584.7,2,2.0,82.5,34.4857,-121.1388,Z100,445031.89
793.1,3,2.5,13.0,41.1689,-121.8087,Z117,213171.82
1444.4,1,1.0,120.0,39.4762,-116.7948,Z118,393855.69
1048.0,4,1.0,10.9,33.3617,-118.4802,Z108,220518.25
1132.2,2,2.0,3.5,40.7356,-123.7663,Z113,308852.05
2118.0,3,5.5,6.4,35.8146,-122.5928,Z111,538907.59
2045.7,5,4.5,16.7,35.3336,-122.9108,Z109,571073.18
1804.6,3,1.5,31.5,38.4215,-118.3071,Z108,405881.45
953.8,3,3.5,21.8,37.9017,-123.5995,Z111,307230.21
1341.8,3,2.5,14.2,37.6134,-122.3191,Z104,387611.32
2106.5,4,2.5,24.8,34.9213,-118.7735,Z122,480638.84
1570.9,6,3.5,54.8,41.6179,-123.1029,Z118,457433.81
2659.7,5,1.5,54.8,41.5261,-121.8931,Z109,620878.55
1696.7,1,6.0,38.9,32.5395,-114.9787,Z101,403832.7
1596.0,4,5.5,91.4,35.7094,-117.1803,Z105,423022.6
1345.4,1,2.0,26.8,32.9327,-121.2777,Z121,341207.82
1566.8,3,3.5,0.2,40.5774,-115.2878,Z104,430334.28
1423.8,4,2.5,10.3,40.9219,-121.872,Z100,458915.43
1854.1,4,1.0,11.9,37.4238,-118.3146,Z125,526562.84
1978.4,5,1.0,23.8,40.4769,-120.6308,Z117,487023.52
1107.0,3,1.5,70.6,39.1819,-116.6024,Z122,213690.63
834.4,1,3.0,54.6,37.246,-120.5983,Z125,247523.47
581.9,1,2.0,7.9,35.9562,-121.887,Z114,186805.03
1754.0,4,2.5,22.0,35.0291,-118.1191,Z101,445721.59
948.3,5,4.5,32.3,34.9646,-116.6739,Z120,322184.49
423.6,2,1.0,120.0,37.8396,-118.8682,Z114,138800.17
1694.3,4,2.5,1.0,34.0847,-116.979,Z110,431521.31
2746.5,6,1.0,18.7,34.1605,-120.0688,Z125,702632.9
1497.0,3,6.0,120.0,32.5987,-116.1478,Z112,391205.09
1919.2,3,1.5,113.4,38.3266,-118.3572,Z119,541620.57
1540.9,3,1.5,12.0,41.9463,-122.4394,Z114,334449.75
1450.6,2,4.0,0.0,40.9476,-115.1471,Z109,467485.13
1959.5,4,3.5,26.5,39.2041,-115.7133,Z116,480513.71
1354.9,2,2.0,60.5,39.9625,-114.3789,Z104,328655.17
1633.7,1,1.0,11.8,36.4601,-118.5254,Z100,435271.95
1660.8,2,1.0,81.7,35.3318,-117.4047,Z118,489598.05
1166.0,2,2.0,12.1,36.002,-115.4324,Z111,250845.22
1996.0,4,1.5,28.3,33.2735,-123.9478,Z124,521672.8
1412.5,4,3.5,38.4,38.5211,-114.9219,Z106,470007.76
1122.1,3,2.5,12.7,34.1612,-121.6528,Z101,387031.92
1768.3,4,1.0,13.0,39.7473,-123.901,Z120,381576.99
1050.8,4,2.5,19.0,34.3048,-122.0051,Z114,319368.0
1514.1,1,2.0,54.1,34.6672,-118.3432,Z119,385116.83
1495.4,5,3.5,3.2,41.5944,-123.9976,Z112,446890.69
2042.9,4,1.5,29.9,33.5013,-124.492,Z106,509635.7
1737.3,1,5.0,33.9,37.239,-117.7867,Z113,508811.24
1487.5,5,2.5,24.5,33.0955,-119.7394,Z119,428153.34
1908.9,4,1.5,82.4,33.3587,-115.6345,Z115,500417.86
2195.1,1,2.0,27.6,38.5183,-121.7958,Z129,504909.96
1778.9,2,2.0,30.2,38.4919,-121.5526,Z108,364339.54
1505.2,4,2.5,27.5,34.3346,-123.6858,Z118,443526.3
844.1,2,1.0,38.4,40.7886,-118.8456,Z121,216668.04
967.4,6,1.5,4.4,39.1708,-120.658,Z104,287505.06
1347.4,4,2.5,67.4,35.3558,-120.9331,Z109,502620.82
1195.2,6,3.5,1.3,34.8597,-119.6949,Z107,434879.96
1406.5,4,4.5,30.7,39.6657,-115.5783,Z128,415147.19
1528.3,4,1.5,28.7,39.4694,-123.3955,Z113,369481.01
1764.8,2,1.0,7.0,33.9139,-119.0023,Z110,395984.34
1464.8,1,2.0,1.2,35.8173,-122.4374,Z129,335776.25
1743.3,3,1.0,4.5,34.5584,-122.2699,Z100,453019.3
1532.2,2,3.0,9.5,35.2944,-121.8043,Z109,393788.88
512.3,4,4.5,64.1,35.2319,-119.6763,Z101,166417.49
1030.3,5,2.5,58.1,41.7722,-119.3088,Z106,283895.27
1428.0,1,2.0,2.0,39.627,-115.3491,Z116,328473.2
895.2,5,4.5,10.2,39.9105,-115.1328,Z104,218815.86
1800.0,3,1.0,66.0,35.1355,-118.34,Z123,468261.78
2265.4,3,2.5,8.1,32.505,-121.5453,Z109,541303.34
2109.4,5,1.5,120.0,33.0525,-115.9064,Z104,473150.18
1393.3,1,1.0,8.9,37.7535,-116.1747,Z104,345329.84
2245.4,3,1.0,40.3,35.2121,-116.1215,Z108,466984.36
1574.3,1,2.0,16.2,34.3331,-124.3281,Z110,374498.04
1331.5,2,4.0,4.4,32.9716,-116.5844,Z114,338480.86
1193.3,3,2.5,8.8,40.8209,-115.5464,Z126,335139.56
1348.8,1,2.0,33.7,38.2012,-118.1472,Z104,293274.61
1305.9,1,1.0,12.3,33.52,-116.6119,Z116,288611.17
1585.2,4,3.5,27.8,39.7808,-116.3502,Z118,504777.61
1580.3,5,1.5,6.9,39.6803,-119.1809,Z113,516810.73
1501.5,5,3.5,17.9,35.2493,-115.957,Z120,356777.93
1718.5,2,6.0,21.5,34.2901,-116.1809,Z123,440066.16
2095.3,2,4.0,16.0,40.2328,-114.8809,Z125,462892.52
1974.8,3,1.0,6.6,35.6309,-114.8256,Z101,489893.66
757.6,5,1.5,18.6,40.5506,-118.938,Z113,303384.8
300.0,6,1.5,35.4,32.9147,-124.1693,Z119,247070.28
1967.2,3,2.5,100.5,37.2432,-124.2994,Z127,587484.27
816.6,1,3.0,46.8,34.2062,-114.6413,Z103,266794.7
1387.6,2,1.0,5.3,38.8844,-120.9577,Z102,334965.27
914.9,2,5.0,9.6,41.9735,-120.5359,Z114,287540.79
599.0,2,1.0,2.5,36.4189,-119.566,Z121,185509.02
1770.7,2,6.0,4.4,33.453,-121.7091,Z115,413878.94
1879.6,2,1.0,8.7,35.5179,-118.3007,Z109,546738.4
1211.7,3,2.5,6.7,40.9693,-116.2615,Z117,215224.18
300.0,4,4.5,7.2,39.7747,-121.7979,Z118,257017.04
1226.9,3,3.5,7.9,34.706,-116.6979,Z101,351291.45
1695.9,2,1.0,10.7,41.5592,-117.4438,Z109,426721.27
760.5,2,3.0,4.0,38.4108,-118.9814,Z128,286331.57
1591.7,5,3.5,9.8,34.0965,-121.0829,Z123,494487.18
1492.3,3,2.5,35.0,37.9371,-115.3359,Z101,341424.57
1789.6,2,3.0,8.1,36.7871,-120.2706,Z115,437369.35
1559.8,1,1.0,5.7,40.2871,-120.566,Z104,469832.18
1013.5,5,1.5,2.1,35.7695,-117.7656,Z103,390225.02
2098.3,2,2.0,20.8,40.8123,-114.8365,Z116,566660.68
1420.7,2,1.0,55.4,40.2137,-119.1658,Z112,328181.82
1486.3,5,3.5,1.8,38.9087,-116.9117,Z122,381481.19
1033.4,2,1.0,23.4,34.9568,-119.7027,Z121,319632.21
1278.4,3,4.5,31.5,41.7181,-122.2025,Z125,346678.46
1057.6,1,2.0,26.9,37.7123,-123.1985,Z111,256474.83
1413.5,1,4.0,63.0,41.1214,-123.0686,Z116,298445.27
2355.9,1,1.0,60.4,34.5494,-124.2761,Z108,500379.94
814.0,4,1.0,1.8,41.8421,-118.6945,Z127,251106.29
693.2,6,1.5,13.4,40.2526,-123.1234,Z119,279001.29
2235.6,3,3.5,33.3,41.5177,-115.4102,Z100,598886.48
1395.3,1,2.0,91.4,34.5175,-114.1796,Z123,367691.22
1165.5,1,3.0,49.0,36.5913,-119.2934,Z100,364670.05
2020.0,1,2.0,5.8,33.4275,-119.7784,Z101,434587.9
1197.2,1,1.0,9.8,33.8012,-120.8452,Z113,318748.86
2413.0,1,2.0,43.3,35.1976,-117.8007,Z104,486842.13
1839.0,3,1.5,19.1,41.5404,-118.1157,Z128,497678.89
1256.0,5,1.5,23.8,38.8383,-120.8945,Z100,486284.25
2578.7,7,2.5,28.2,35.489,-120.8968,Z100,681794.54
1197.1,1,2.0,3.3,41.5684,-117.7296,Z114,256407.84
1871.0,4,1.0,58.1,39.5274,-118.6773,Z121,384957.55
1649.6,2,3.0,59.7,41.1163,-116.9552,Z129,376768.64
2150.9,2,1.0,18.9,41.3086,-114.6154,Z126,570676.48
2280.8,4,2.5,29.6,39.6323,-116.3143,Z100,609064.97
1516.0,1,2.0,32.4,34.8098,-121.3044,Z120,382018.92
1123.3,3,2.5,6.3,41.9676,-116.5292,Z115,391920.43
1730.0,1,1.0,3.6,35.5884,-119.7747,Z109,433194.89
1161.1,3,2.5,0.6,38.8812,-116.3346,Z126,334810.73
2506.7,6,4.5,73.2,40.5257,-115.191,Z104,634280.17
1568.3,3,2.5,12.7,34.1639,-121.8756,Z101,398280.07
1317.3,5,5.5,2.7,38.2859,-121.9942,Z129,361124.19
1592.3,2,3.0,18.8,36.0641,-119.9574,Z113,378288.68
826.4,1,2.0,2.4,34.8207,-123.9589,Z110,314380.28
1014.2,4,2.5,2.7,32.6118,-117.3003,Z118,351068.57
2100.2,7,2.5,20.1,40.7838,-116.6281,Z118,533325.64
1171.6,2,5.0,21.3,33.7909,-120.873,Z118,375027.6
976.5,4,2.5,26.0,40.8421,-119.6145,Z102,284229.66
1768.3,4,1.0,32.0,38.2066,-118.3013,Z110,512197.44
2092.9,1,6.0,33.1,38.4,-123.7272,Z119,581362.4
1859.5,5,4.5,17.0,40.3722,-117.0314,Z129,537866.02
1998.0,7,1.5,30.9,37.3397,-118.9696,Z125,550972.14
1121.6,1,5.0,10.9,35.8942,-117.9452,Z128,347702.72
789.1,2,1.0,17.5,33.8187,-116.8998,Z115,229615.82
2250.7,3,3.5,15.0,37.9189,-117.4066,Z116,503407.5
1338.7,1,1.0,12.0,37.7551,-123.4991,Z128,398524.42
1374.6,2,4.0,8.2,35.292,-116.2828,Z119,430656.74
2164.1,2,2.0,2.5,38.2005,-118.0945,Z103,527989.7
1778.1,1,4.0,21.2,36.674,-116.9938,Z114,341898.13
1727.9,7,1.0,23.1,40.1525,-121.7542,Z123,477057.65
2582.5,1,1.0,12.3,37.8151,-122.175,Z110,676436.18
1178.2,8,1.5,111.7,41.3699,-115.826,Z115,365155.46
1963.9,3,1.5,24.4,37.4208,-120.4009,Z119,521005.62
1528.5,3,2.5,65.9,40.9312,-118.4589,Z120,411961.9
1634.3,1,4.0,25.3,37.445,-118.7082,Z103,370088.34
2264.2,3,4.5,6.3,37.8013,-118.3557,Z104,547902.61
1753.9,1,1.0,110.2,35.9847,-123.7702,Z118,467827.48
1769.1,3,2.5,65.0,36.3016,-121.324,Z115,398862.45
2036.3,1,3.0,19.1,41.3645,-123.802,Z118,478215.87
1317.5,1,1.0,8.4,34.6212,-119.4583,Z123,354552.88
1080.4,5,1.0,7.6,33.6538,-115.028,Z127,342332.48
977.6,4,1.0,49.2,40.387,-120.4137,Z129,263624.0
516.8,8,1.0,2.1,37.9807,-116.2843,Z115,252260.5
2528.1,2,2.0,30.5,35.2041,-121.4839,Z100,600931.9
948.4,2,1.0,30.7,36.6078,-115.5092,Z102,278395.37
1389.4,2,1.0,6.0,37.4866,-120.0952,Z101,309439.2
1361.6,2,1.0,36.6,38.1253,-120.7702,Z109,367878.18
1653.7,4,1.5,36.7,40.3,-117.1765,Z126,470857.2
1907.9,1,4.0,12.9,36.2463,-119.116,Z105,481954.72
1930.2,2,1.0,19.8,38.9268,-120.9581,Z107,480989.34
1208.5,2,1.0,53.7,40.4303,-123.89,Z105,279301.64
1416.4,3,1.5,22.2,40.5158,-122.7503,Z119,383788.49
1641.3,1,1.0,28.9,34.9153,-116.3906,Z118,405030.87
1375.7,1,3.0,16.0,35.8266,-114.8323,Z115,310944.66
2303.7,5,2.5,4.9,38.1516,-122.7272,Z103,581435.97
1745.5,4,2.5,120.0,40.9148,-118.5209,Z115,446015.72
1867.4,7,3.5,22.7,40.0092,-124.1412,Z128,434318.8
1831.4,1,2.0,12.3,38.0476,-121.4461,Z123,494452.45
2086.7,2,1.0,37.5,41.8455,-119.7877,Z108,482063.74
1590.5,5,3.5,29.1,36.6704,-116.7733,Z123,503745.11
851.6,4,1.0,8.0,40.5033,-124.0369,Z108,245334.58
1699.8,5,4.5,62.8,40.275,-116.2971,Z107,544849.03
1174.3,4,3.5,2.2,41.1264,-122.3722,Z128,403029.5
1235.7,3,3.5,27.9,41.8829,-116.5249,Z104,422702.09
1793.2,4,1.5,19.5,37.2091,-117.9326,Z120,523024.77
2119.1,6,2.5,11.5,34.3585,-120.9345,Z116,503002.93
1510.6,4,4.5,52.5,36.8785,-116.9006,Z123,570538.17
1654.4,6,3.5,32.0,40.6119,-122.0186,Z126,558629.64
2351.1,2,1.0,42.8,40.443,-122.1929,Z115,529799.65
1620.4,4,1.0,16.1,35.6917,-123.8517,Z117,340634.56
2800.8,1,1.0,85.6,32.9494,-120.3727,Z121,606359.66
1782.8,3,1.0,12.7,37.3435,-123.4741,Z105,433145.63
619.6,1,5.0,22.7,37.004,-120.0952,Z127,281592.54
1876.7,4,2.5,81.4,33.3148,-124.3971,Z109,454592.57
1690.6,2,2.0,2.6,40.0515,-122.8716,Z119,452053.78
2144.9,3,2.5,3.5,35.1941,-114.7101,Z124,574016.68
1836.6,4,1.0,120.0,38.6346,-116.1466,Z115,395095.94
1430.8,5,1.5,106.6,33.4641,-122.0203,Z118,393828.87
887.9,2,1.0,44.3,40.6767,-116.9579,Z107,255246.41
1395.5,4,2.5,19.9,39.5231,-117.4809,Z117,428826.11
1074.7,5,5.5,21.2,36.19,-122.6423,Z104,306617.33
1209.7,4,1.5,8.9,38.4801,-120.6039,Z128,373987.48
1794.3,5,1.5,17.0,34.2808,-114.9061,Z112,410073.7
2335.0,1,3.0,16.9,41.8615,-116.7435,Z114,473592.92
1697.3,3,1.5,1.1,40.063,-116.5163,Z105,422967.91
902.1,5,1.5,18.1,39.9949,-118.5792,Z101,222626.47
1722.3,1,1.0,19.6,33.9571,-117.5118,Z122,400290.42
2098.3,1,2.0,32.9,32.6685,-119.1582,Z114,389627.8
1195.1,1,3.0,21.8,38.061,-116.7206,Z126,359866.34
1433.0,2,2.0,59.3,33.8691,-116.8064,Z110,397884.97
1507.3,3,2.5,13.7,39.9141,-124.1736,Z104,384687.73
1107.6,1,3.0,15.8,36.4527,-117.8664,Z109,367896.14
1824.1,2,2.0,25.4,35.7166,-117.887,Z128,503488.52
1439.5,2,2.0,6.8,33.1997,-123.7931,Z119,366241.71
1709.8,5,4.5,15.0,41.9626,-120.191,Z119,516427.8
1056.3,1,1.0,34.8,41.5821,-115.0627,Z117,240244.67
1281.3,3,3.5,15.9,33.7502,-114.4889,Z111,364928.95
1861.2,2,4.0,71.1,35.6617,-116.2868,Z124,451476.25
1313.6,4,2.5,28.7,36.2125,-122.9096,Z116,279165.33
2363.5,5,3.5,5.0,35.3196,-120.5654,Z116,575318.76
1300.2,3,2.5,20.1,41.3775,-122.5832,Z103,390306.09
1612.3,3,2.5,43.4,39.3527,-117.6526,Z118,489103.72
1966.3,3,3.5,30.9,41.5812,-116.382,Z124,542400.44
790.8,2,3.0,65.0,40.8078,-115.2205,Z128,196758.34
619.6,3,4.5,41.6,39.6681,-115.4632,Z122,255882.61
737.2,6,2.5,1.9,39.1212,-123.4583,Z126,279455.17
2131.3,2,1.0,3.6,40.7285,-123.1804,Z117,442148.38
1224.1,1,3.0,31.5,38.9994,-114.9484,Z119,354446.88
2779.1,3,1.5,8.2,34.2928,-115.6403,Z120,626862.29
1217.9,1,1.0,26.6,38.6572,-119.666,Z109,334014.14
1592.3,4,1.5,47.1,37.3925,-119.9845,Z127,446202.9
2271.1,5,3.5,25.8,41.828,-118.6956,Z113,540381.61
2503.0,2,2.0,16.1,37.3447,-118.2353,Z119,611220.8
2530.8,3,1.5,31.2,32.8653,-121.8307,Z112,626817.35
2104.2,1,1.0,4.7,35.0098,-120.2607,Z113,507782.83
2012.0,1,1.0,38.5,41.2151,-117.9932,Z103,571401.82
1796.3,7,2.5,35.8,41.6424,-122.3342,Z103,526335.84
1889.2,6,1.5,21.7,39.4207,-114.0123,Z123,488382.35
1224.4,2,2.0,9.8,33.0402,-121.5291,Z122,277758.26
1090.9,2,2.0,47.9,32.7236,-118.6996,Z103,374099.44
1498.3,3,1.5,21.4,37.0562,-118.6813,Z110,439780.92
1414.9,4,5.5,1.8,41.9969,-119.7594,Z100,394524.92
1273.4,3,1.0,75.3,40.7583,-121.9638,Z105,333259.03
1848.2,4,4.5,43.8,41.3645,-118.5638,Z104,485155.79
1977.7,1,3.0,26.4,38.4236,-123.5443,Z126,459219.14
1544.2,4,3.5,17.2,40.6617,-120.4373,Z104,395434.93
2238.8,3,1.0,96.5,35.5371,-122.1454,Z126,515896.45
929.2,4,5.5,44.8,32.76,-123.1961,Z111,254003.34
1403.2,4,2.5,23.0,41.2234,-114.7824,Z114,304075.99
1141.6,4,1.0,31.8,34.5751,-117.1506,Z105,248540.78
566.7,3,1.5,9.9,39.4206,-122.7273,Z111,117999.81
1458.7,1,4.0,6.5,38.7602,-114.5313,Z123,448875.47
1439.1,4,2.5,9.6,34.0026,-122.2321,Z121,393878.82
2256.7,3,5.5,10.4,34.3599,-122.0261,Z113,662546.52
1815.4,6,5.5,40.4,35.6262,-123.1007,Z121,481794.94
987.9,1,2.0,4.5,39.6908,-116.8575,Z122,268336.63
2427.0,3,2.5,45.1,32.8728,-118.5058,Z110,621065.58
2110.5,3,2.5,22.2,36.3672,-123.8884,Z107,558512.56
1791.0,3,3.5,14.6,38.8186,-124.2344,Z119,536393.92
1386.8,3,2.5,10.7,34.129,-118.9071,Z106,361305.15
1020.3,2,1.0,21.6,33.6345,-117.6589,Z123,352642.93
1313.9,3,1.5,11.5,36.207,-115.8598,Z105,345704.87
2044.4,3,2.5,16.8,35.2223,-119.4781,Z124,543130.13
2442.3,3,2.5,40.3,38.6664,-117.3964,Z112,560606.84
2271.6,2,1.0,29.5,41.7109,-116.7966,Z105,588358.17
1255.6,2,5.0,41.3,32.5425,-118.0629,Z119,340930.19
940.2,2,1.0,37.4,41.0726,-120.8017,Z129,194328.73
1570.4,5,2.5,50.6,36.6156,-123.1151,Z121,469250.8
615.8,2,1.0,6.8,38.8081,-117.7008,Z101,192409.21
1661.6,6,2.5,120.0,40.5848,-116.4287,Z110,478687.08
1426.2,4,1.5,19.4,37.9479,-122.5068,Z107,477702.67
1267.0,3,3.5,38.0,33.4245,-119.3039,Z129,357631.4
702.6,3,3.5,34.0,33.8357,-120.3289,Z126,267959.72
1756.8,1,1.0,25.1,39.9982,-122.3401,Z121,433455.74
1233.6,5,1.5,120.0,34.6764,-121.9242,Z103,443518.64
915.0,2,1.0,7.4,37.9059,-122.0044,Z106,311272.01
300.0,3,2.5,16.4,36.5668,-120.1012,Z114,152262.74
1486.2,3,6.0,4.1,35.3846,-120.4001,Z123,421337.66
2386.1,4,2.5,6.0,39.9762,-118.6811,Z118,651982.29
2330.6,2,3.0,37.4,39.4466,-123.5213,Z109,564145.74
1271.5,5,3.5,0.1,38.638,-118.3969,Z102,344723.75
1198.9,1,1.0,66.2,36.0404,-124.2706,Z109,329682.85
1734.4,4,1.0,30.1,34.6515,-121.7976,Z118,475249.63
1000.8,1,1.0,17.4,37.401,-119.2276,Z102,312479.35
1650.9,6,1.5,12.1,40.2625,-117.2872,Z117,412325.09
1883.0,2,1.0,4.0,37.9688,-116.4017,Z104,481826.45
2113.5,2,1.0,76.4,41.7163,-124.1266,Z121,508634.49
1449.9,1,5.0,37.4,32.6467,-118.8564,Z100,402060.27
1398.2,4,5.5,12.3,41.9843,-120.7784,Z105,454761.81
1061.0,1,2.0,2.2,39.0684,-117.2035,Z106,340228.67
1086.6,4,3.5,11.8,40.4104,-121.5203,Z101,320962.41
1386.8,3,3.5,6.1,35.682,-116.6909,Z116,347951.77
1683.7,2,2.0,46.3,37.3292,-118.1765,Z122,476115.13
1956.8,3,1.0,38.1,40.0714,-116.2084,Z121,450686.8
1098.4,3,2.5,20.7,39.7262,-114.1639,Z129,294697.85
2246.3,3,2.5,65.1,35.6733,-114.9598,Z102,546389.82
1364.4,1,2.0,6.0,35.5819,-118.2705,Z128,359572.11
1489.3,2,2.0,18.0,38.7967,-115.1155,Z101,386589.79
1126.4,4,3.5,37.2,41.3698,-122.8926,Z128,362911.01
300.0,2,2.0,2.1,36.6685,-124.0481,Z117,140868.54
1942.0,5,3.5,14.0,35.8529,-118.9021,Z113,530307.6
1868.4,4,1.5,25.4,40.9995,-114.2691,Z115,513830.39
1359.3,4,2.5,13.7,38.989,-117.0478,Z111,318205.67
1533.5,3,5.5,19.6,36.1886,-121.296,Z117,363395.46
1758.0,1,1.0,28.1,33.0441,-117.4779,Z107,408101.06
718.7,1,1.0,13.8,39.3541,-124.081,Z100,228741.48
1235.5,2,3.0,3.4,35.8524,-119.5585,Z127,388094.56
1897.1,1,1.0,4.5,33.1704,-122.0088,Z102,456084.93
872.9,1,2.0,22.5,38.3167,-123.9834,Z123,253896.18
1646.8,4,3.5,5.8,35.5686,-121.8759,Z121,512054.77
821.7,1,1.0,66.2,35.7153,-116.9142,Z106,224453.91
1733.2,3,2.5,53.9,37.0521,-118.7125,Z101,404794.73
1482.2,5,5.5,12.9,39.316,-124.2539,Z115,449457.95
692.4,4,3.5,53.3,35.1251,-120.1978,Z129,173234.25
2082.4,5,1.5,22.9,33.269,-116.6022,Z108,458520.24
1132.7,4,3.5,5.2,36.532,-114.4767,Z122,356626.97
1094.9,4,4.5,28.6,33.0218,-115.3192,Z102,289845.77
1600.3,2,3.0,34.1,39.1241,-124.484,Z124,361380.34
2074.3,1,2.0,2.6,41.6128,-122.2036,Z118,453784.5
992.1,2,4.0,11.3,38.7582,-122.3188,Z113,302320.96
1530.8,5,3.5,0.2,35.1162,-120.1625,Z125,395133.75
1714.4,6,1.0,11.4,34.2262,-117.7196,Z123,456840.42
1846.6,1,2.0,12.3,34.7114,-122.8928,Z114,452376.1
1588.2,1,1.0,29.8,34.6053,-114.8854,Z122,354182.0
1316.5,4,3.5,6.7,35.4814,-116.3403,Z128,405192.98
1086.2,4,1.5,0.9,33.4248,-120.097,Z115,337736.73
1543.1,5,1.5,11.4,41.0093,-118.3681,Z118,492129.06
963.9,3,1.5,52.4,40.9086,-118.8111,Z114,214475.19
300.0,1,1.0,15.3,38.3447,-118.3866,Z113,143962.1
1718.3,5,1.0,16.1,33.0882,-115.4688,Z104,421329.68
1952.0,2,2.0,19.0,40.138,-122.3987,Z106,466905.04
318.5,4,3.5,41.8,33.087,-117.321,Z102,193001.7
995.1,1,1.0,19.6,33.511,-123.3762,Z128,290659.27
1809.6,4,3.5,2.9,35.5903,-119.6788,Z101,499570.68
2528.7,6,3.5,6.9,36.599,-117.8237,Z124,627006.3
1510.4,1,1.0,6.2,35.8619,-124.3687,Z115,414616.77
1136.0,3,3.5,21.3,34.0697,-123.3653,Z101,295683.88
1408.6,2,1.0,0.9,33.5652,-123.5417,Z102,439932.6
2187.4,2,2.0,10.0,40.6644,-120.5657,Z111,490309.49
1177.0,4,3.5,28.0,35.9502,-117.9689,Z100,396248.29
1100.4,5,1.5,13.1,34.5767,-114.0424,Z114,275272.4
1258.6,1,6.0,36.9,37.1264,-121.8322,Z128,426496.61
1023.3,2,5.0,14.9,32.8498,-123.0724,Z100,309289.51
1561.3,4,2.5,116.3,38.2027,-120.145,Z100,469701.6
2312.3,4,1.5,100.9,34.8607,-122.9673,Z114,454849.47
1661.5,4,1.5,48.3,38.1829,-124.2423,Z125,403520.33
1373.8,6,1.5,92.6,38.3342,-118.5784,Z102,471084.32
1354.1,3,1.0,6.9,40.1876,-115.2645,Z113,401932.33
718.4,4,2.5,41.7,34.6841,-115.4611,Z121,273158.89
1941.6,4,1.5,11.6,36.9029,-123.4417,Z109,528805.81
1461.1,1,1.0,38.8,41.6379,-122.9515,Z102,422867.99
1409.8,2,3.0,14.0,39.4077,-119.3432,Z119,418151.41
3096.6,1,1.0,10.3,41.7658,-120.639,Z117,658937.72
1649.4,2,4.0,95.7,41.31,-117.1177,Z122,404102.64
1124.1,1,2.0,7.1,38.3021,-119.3031,Z103,333718.65
1286.8,8,1.5,42.6,35.0073,-124.2888,Z126,410627.32
2074.2,2,1.0,33.7,39.6908,-121.5121,Z116,439494.5
1556.6,2,2.0,10.8,39.1321,-115.0343,Z119,382044.67
780.9,6,1.0,18.4,38.0945,-119.1292,Z103,331087.43
1959.6,2,2.0,4.6,39.1294,-116.1215,Z114,434462.78
1165.9,2,1.0,76.2,38.3291,-120.2759,Z110,266250.13
2436.6,1,1.0,103.4,37.4341,-117.3919,Z102,543132.69
2040.0,1,1.0,39.6,36.4516,-122.7255,Z123,508751.74
1276.3,1,1.0,56.8,32.9247,-116.7664,Z106,315884.98
2140.5,4,2.5,2.6,40.724,-116.2409,Z109,580377.04
1533.9,2,2.0,14.5,40.7226,-123.5535,Z125,308043.6
1926.4,5,1.0,12.1,38.1434,-122.5752,Z118,586059.45
1742.4,3,1.5,25.0,35.0449,-119.6397,Z119,477710.47
1076.8,3,4.5,6.1,32.7672,-117.8069,Z107,294686.38
1178.2,5,1.5,24.9,32.5136,-117.8063,Z114,167551.27
2015.0,3,1.0,31.9,33.1926,-117.4839,Z112,481840.05
1332.6,3,2.5,4.3,35.9189,-116.9986,Z125,340221.89
1298.2,5,3.5,4.2,34.2898,-119.1895,Z102,430451.75
1022.4,4,5.5,1.1,35.0181,-118.464,Z120,344166.33
1711.8,1,3.0,42.9,39.1468,-124.4117,Z120,353158.59
2531.3,4,2.5,12.1,41.6119,-122.7507,Z114,603140.38
966.2,3,4.5,7.7,34.4644,-119.2651,Z120,316103.13
1512.1,1,1.0,45.2,36.9236,-116.6713,Z120,351091.54
2206.1,3,1.0,4.6,41.9191,-116.0063,Z124,598434.72
1460.2,2,1.0,16.7,41.3509,-116.8461,Z109,360973.23
1726.2,3,1.5,41.0,35.847,-119.3928,Z128,391097.79
968.8,1,1.0,25.6,35.537,-121.5466,Z120,164857.13
1714.2,1,4.0,24.2,34.8006,-119.8305,Z114,394413.87
1406.4,2,2.0,5.1,33.9763,-124.4024,Z126,422025.14
1992.9,4,4.5,6.0,36.8705,-118.2214,Z129,546755.52
2093.7,2,4.0,26.2,35.7406,-123.717,Z126,549218.59
2794.8,2,1.0,0.7,39.576,-122.9734,Z113,670429.92
1789.8,4,1.5,61.0,34.7502,-117.9272,Z108,441702.51
1662.9,2,1.0,12.9,39.4952,-124.3598,Z128,440528.98
1597.2,3,3.5,16.2,35.2374,-118.4777,Z124,463572.87
1323.4,4,1.5,9.0,38.1309,-117.797,Z114,366911.13
1669.2,5,3.5,62.8,38.5651,-116.2231,Z113,413054.3
1352.3,3,2.5,30.9,38.8819,-123.7857,Z114,294729.55
1584.2,2,2.0,17.9,34.1657,-124.4692,Z126,455635.04
2158.8,5,1.5,26.4,35.1858,-116.448,Z113,491710.51
996.7,4,1.0,14.4,34.8381,-121.4544,Z109,323286.06
2069.9,1,1.0,18.8,37.9735,-115.1843,Z111,488903.59
2158.6,5,1.5,13.3,33.2196,-122.5578,Z119,631399.6
1441.0,2,1.0,15.9,37.4234,-118.3522,Z113,411114.1
439.1,3,6.0,11.3,33.3309,-123.3512,Z124,242554.76
1196.1,2,2.0,2.4,35.702,-120.2718,Z126,405449.4
2148.5,8,3.5,1.1,39.0237,-115.2383,Z114,566055.02
1488.6,4,4.5,5.7,36.4194,-118.1124,Z111,418669.89
1000.3,3,2.5,8.7,35.1632,-117.259,Z128,391549.25
1247.6,4,1.5,66.3,38.3506,-122.1273,Z101,320266.43
1920.3,5,1.0,28.3,39.5326,-114.8111,Z118,505662.19
1773.4,3,2.5,95.3,34.9186,-117.9534,Z116,464111.92
1380.5,1,2.0,12.4,35.3443,-123.3882,Z114,307640.84
1316.6,2,2.0,15.4,38.5828,-124.3367,Z126,403287.7
1304.1,3,6.0,38.2,41.6696,-124.3328,Z122,385604.79
1038.8,2,1.0,25.9,34.5318,-123.9623,Z109,265831.87
2307.7,4,4.5,22.5,38.7154,-114.928,Z129,574986.25
1338.8,5,2.5,25.7,41.1126,-120.737,Z110,398259.24
2108.6,1,1.0,26.3,36.8887,-121.3686,Z113,490188.68
2260.7,2,4.0,43.5,35.51,-120.1263,Z108,559834.01
1999.2,3,2.5,33.1,38.8353,-120.1995,Z128,462829.75
1284.2,4,2.5,94.6,32.7986,-121.9958,Z102,358175.26
1701.9,2,3.0,88.7,35.9215,-123.5358,Z123,448457.3
1487.9,1,1.0,16.4,34.9508,-123.3594,Z100,397384.44
1048.1,2,1.0,1.1,34.6339,-118.2085,Z105,311630.76
1662.2,1,1.0,0.3,34.2077,-120.3332,Z105,432683.09
910.5,4,4.5,3.9,39.5021,-115.0242,Z104,313388.35
2093.8,1,3.0,2.3,41.5734,-119.6308,Z103,584775.94
1267.7,2,1.0,14.0,36.1553,-119.2133,Z102,456479.75
1600.6,1,1.0,1.6,32.9665,-114.7534,Z112,411963.89
1641.6,4,1.0,29.4,39.3297,-119.2328,Z129,417008.4
1370.5,1,1.0,6.3,37.6129,-119.2292,Z103,402658.93
1793.3,2,1.0,21.6,39.3746,-120.6868,Z122,405308.7
1262.5,4,2.5,3.3,38.6551,-117.0407,Z129,405242.83
1935.6,3,1.5,52.8,41.1016,-120.3816,Z106,511816.24
827.0,8,3.5,45.4,33.8342,-118.3226,Z118,405908.03
1563.2,1,3.0,14.7,34.107,-119.8023,Z110,419424.43
2469.5,1,1.0,72.4,35.7449,-118.9482,Z109,566007.96
999.8,1,3.0,6.2,37.1682,-115.8162,Z118,305817.89
1161.1,2,2.0,50.5,41.2943,-120.1558,Z118,314342.37
1757.0,1,2.0,23.7,41.1162,-122.0842,Z104,425678.74
1589.8,1,2.0,12.0,40.7828,-118.5116,Z100,440031.93
1675.3,5,5.5,2.6,34.614,-114.6562,Z125,498509.36
1744.6,5,4.5,5.6,39.4319,-117.2213,Z110,442283.73
1817.4,7,2.5,59.6,36.1432,-121.2622,Z112,437384.29
2054.8,2,5.0,28.0,41.3462,-114.3886,Z129,500870.09
1704.9,4,1.5,8.1,34.5381,-120.9015,Z129,446230.97
1379.4,6,1.5,20.5,33.842,-114.1758,Z122,439626.24
1836.3,3,2.5,3.4,40.5027,-122.4841,Z128,444305.47
2449.9,7,2.5,3.1,39.3106,-114.0037,Z107,625419.92
1433.7,3,1.0,71.5,40.3035,-123.703,Z122,295601.54
1012.7,4,2.5,18.4,34.0005,-117.011,Z115,314532.42
2053.5,2,1.0,13.5,40.9055,-116.7254,Z123,544412.22
1439.8,3,2.5,89.3,38.9374,-117.3645,Z108,324261.36
413.7,2,1.0,15.3,38.6898,-116.3351,Z103,204770.22
1923.7,2,3.0,12.3,38.0345,-119.5458,Z118,461325.62
1232.3,5,3.5,9.6,39.7663,-123.9318,Z106,354319.75
1454.7,2,2.0,25.0,36.4483,-120.7436,Z111,324682.83
1666.0,3,1.0,24.5,33.7618,-117.7557,Z108,434644.43
1595.2,4,1.5,0.5,37.623,-117.7144,Z112,384976.52
1854.7,1,3.0,31.8,39.607,-122.4505,Z111,408051.02
1282.3,1,1.0,46.6,33.9597,-121.8434,Z108,259506.37
1756.6,3,4.5,28.7,34.6282,-119.3897,Z111,386175.96
1370.2,3,1.5,61.2,39.1172,-116.8496,Z123,398002.36
1869.4,3,1.5,9.7,35.0617,-115.5456,Z129,439258.83
1807.7,3,2.5,6.4,34.1144,-123.5919,Z115,405273.16
1032.3,1,2.0,35.8,40.9492,-114.781,Z112,199903.87
2043.0,3,2.5,6.3,34.0285,-114.7588,Z102,576323.99
1232.0,3,3.5,2.9,35.7694,-124.4167,Z105,291194.95
1904.0,1,3.0,3.0,36.5701,-119.1827,Z113,531104.16
1683.6,2,2.0,43.9,37.0233,-118.335,Z101,422669.03
2419.1,1,2.0,0.9,35.9324,-118.686,Z121,566497.67
1388.3,3,1.5,10.3,41.1691,-118.0344,Z120,369113.49
1325.3,2,1.0,4.1,38.7569,-119.2148,Z119,367919.57
1490.3,1,1.0,42.2,35.9152,-121.415,Z102,404572.91
1348.4,3,1.0,21.0,35.8983,-123.4951,Z115,280566.22
1900.0,3,2.5,6.9,37.278,-122.312,Z107,529242.77
691.8,4,3.5,41.6,32.8198,-116.7273,Z125,238701.37
973.2,1,3.0,41.6,41.3031,-121.9688,Z105,250916.78
966.1,1,4.0,22.2,34.6214,-115.788,Z124,332050.94
1975.2,7,4.5,9.7,39.1271,-120.2634,Z102,663311.15
2355.3,1,1.0,26.5,39.8884,-120.148,Z104,569482.34
1447.8,5,6.0,81.3,40.3601,-115.3808,Z103,494577.41
1415.6,1,3.0,1.6,34.0736,-122.25,Z105,340033.36
1535.0,7,1.5,9.3,37.5986,-122.509,Z101,449410.26
2080.9,3,2.5,10.1,33.2949,-114.1532,Z121,516141.34
1036.3,1,4.0,30.0,40.1455,-118.8237,Z102,301861.0
1619.2,4,2.5,31.6,37.1213,-122.4995,Z107,555807.82
1987.6,5,2.5,6.9,34.0056,-122.759,Z114,399035.94
1750.5,2,1.0,7.3,39.3274,-115.4525,Z109,478694.76
1594.8,1,1.0,79.0,35.6461,-118.2016,Z114,347348.91
2000.5,2,1.0,42.4,33.5878,-123.2921,Z125,510250.23
300.0,6,1.5,81.7,36.8802,-115.1875,Z126,231356.35
1838.9,1,5.0,53.1,34.7348,-119.839,Z105,478555.95
1173.0,4,1.5,15.4,41.5271,-114.1117,Z111,314864.18
584.7,4,2.5,3.9,35.9329,-121.5415,Z107,240946.67
1755.6,2,1.0,29.8,37.9383,-118.9474,Z122,411854.51
2186.8,1,4.0,13.0,41.5094,-122.6824,Z105,561935.2
1431.3,1,2.0,16.6,36.2404,-119.8831,Z124,352780.7
1976.4,2,1.0,16.6,35.9022,-122.6464,Z126,526175.14
2306.1,4,1.5,82.7,34.0429,-121.2741,Z124,593965.44
2157.5,4,1.5,2.1,41.4139,-121.6664,Z125,530384.89
2320.0,3,4.5,6.4,40.1071,-121.5275,Z115,641449.62
1871.1,5,3.5,28.1,34.5996,-114.3168,Z125,524793.69
1537.7,5,1.0,64.6,35.6604,-124.0963,Z114,297475.88
699.0,2,1.0,75.0,41.1917,-119.283,Z119,230890.3
1377.0,2,1.0,24.5,37.6042,-117.8929,Z114,282325.15
1078.4,4,1.5,1.1,37.7852,-117.562,Z107,323660.51
2585.5,1,1.0,13.5,38.6574,-116.5773,Z118,576937.08
1412.1,4,3.5,75.3,39.7406,-116.5099,Z113,473405.81
1561.6,5,3.5,20.8,41.4232,-114.4672,Z126,437212.52
1775.7,3,2.5,38.9,40.1211,-116.5655,Z120,410598.64
1521.8,3,4.5,9.4,41.3782,-115.8513,Z115,428725.53
2347.5,4,1.5,0.8,40.2958,-118.9107,Z111,515211.58
1188.7,1,2.0,25.9,32.9411,-117.5944,Z102,304724.23
1597.3,3,1.0,54.1,33.6166,-119.4797,Z125,380010.6
1128.8,4,1.5,120.0,40.9065,-121.5976,Z119,299436.83
840.0,3,1.5,56.2,32.7631,-121.2095,Z104,249051.2
1194.1,1,2.0,24.2,40.0447,-120.7144,Z112,263588.4
1481.5,4,2.5,28.2,40.5735,-120.9232,Z114,423081.15
1285.3,2,3.0,52.1,36.4469,-118.9018,Z107,373123.97
1153.8,4,2.5,0.6,35.8711,-121.8999,Z113,427189.85
796.8,1,1.0,90.9,34.3468,-119.0753,Z125,211855.99
1458.4,4,2.5,22.7,32.9647,-114.8795,Z114,296692.08
747.6,2,2.0,91.1,39.5811,-120.2374,Z123,215210.51
1880.0,4,2.5,43.4,33.2004,-122.1622,Z129,492328.97
1541.2,2,2.0,5.0,41.4744,-120.858,Z118,382220.69
771.2,7,1.5,5.4,35.3191,-115.2927,Z107,328031.41
1345.4,3,1.0,13.1,40.0453,-114.6122,Z109,398927.77
1123.9,2,1.0,9.2,33.067,-115.1898,Z112,303539.63
1659.6,2,2.0,17.4,37.5946,-121.4829,Z103,478111.07
2170.2,3,3.5,27.8,35.8164,-120.4276,Z110,583963.35
562.4,2,2.0,17.2,32.785,-114.2632,Z101,134463.43
1557.5,1,2.0,1.7,38.7301,-121.0996,Z129,376443.43
1419.9,1,5.0,111.4,41.46,-123.0525,Z118,377535.7
1835.7,4,2.5,16.6,32.6022,-121.538,Z123,519911.82
1606.6,3,2.5,57.1,35.0692,-114.3782,Z127,415292.93
1124.0,2,2.0,2.3,39.1843,-120.1333,Z120,283885.81
1340.5,1,3.0,49.8,40.7769,-114.6942,Z117,383383.95
1102.0,3,2.5,5.7,34.3124,-123.4071,Z122,340575.0
2038.0,8,2.5,34.1,33.1718,-116.4564,Z120,555403.06
1510.7,3,4.5,32.5,32.5821,-123.5199,Z105,408293.51
2450.6,5,2.5,72.2,34.5445,-122.4263,Z113,616743.22
1469.7,7,1.5,11.6,33.1775,-118.0309,Z117,397918.58
1145.8,4,3.5,3.5,35.9141,-119.938,Z110,406346.39
743.1,4,1.5,60.0,36.6812,-117.4999,Z106,222767.37
598.4,1,2.0,12.1,37.0593,-114.2792,Z114,123146.09
707.9,2,1.0,7.9,33.8521,-123.9465,Z100,199771.71
1633.6,3,2.5,20.0,36.9079,-122.4879,Z125,462763.48
1754.4,4,1.5,4.7,32.586,-117.7776,Z109,514015.53
709.4,2,3.0,10.6,34.7745,-115.0865,Z120,178838.4
1947.5,2,2.0,14.6,36.0063,-116.1247,Z108,428582.24
1258.5,1,2.0,9.7,33.6243,-119.6114,Z122,341094.24
1573.4,2,2.0,17.9,40.233,-116.6725,Z129,422136.03
2306.1,2,1.0,14.6,34.4115,-122.315,Z115,604536.0
1948.4,2,3.0,44.7,39.6715,-124.3558,Z115,437112.85
1365.7,4,2.5,75.2,37.002,-118.5148,Z124,377819.92
1054.4,2,2.0,3.2,37.0576,-115.9609,Z124,321550.22
424.1,4,2.5,52.0,38.6293,-119.9488,Z116,187151.08
1140.4,3,1.0,80.5,32.9206,-118.5229,Z123,363009.32
1394.4,1,2.0,34.8,33.2482,-120.0671,Z111,311374.8
1006.4,3,3.5,120.0,35.605,-119.1026,Z106,319933.21
1434.4,6,2.5,12.2,36.4598,-115.2144,Z126,441000.84
1538.4,4,4.5,53.2,36.5844,-119.4795,Z101,345184.27
1387.6,2,2.0,33.6,38.9304,-124.4215,Z102,349407.12
1175.0,6,2.5,11.7,32.5067,-116.1016,Z105,347799.81
1584.3,3,4.5,36.6,41.6115,-118.014,Z126,481380.76
1721.0,2,1.0,21.4,34.1576,-116.8309,Z126,374107.27
954.8,5,2.5,6.3,34.862,-115.0386,Z118,363164.69
2205.5,4,1.5,5.7,41.1035,-121.4948,Z107,608905.57
1450.7,2,2.0,37.5,32.5522,-119.2178,Z103,387347.42
1509.4,4,3.5,37.3,41.9174,-118.1739,Z128,499280.66
1854.1,2,2.0,22.7,32.8416,-120.8734,Z106,497160.88
1616.6,1,2.0,20.9,33.6452,-115.6163,Z103,442450.34
1976.6,3,2.5,6.0,34.781,-117.1756,Z117,461693.17
1643.6,2,2.0,16.8,36.6679,-116.7992,Z106,375080.12
1193.8,3,2.5,61.5,37.4253,-116.0159,Z123,325624.02
1680.8,5,1.0,57.9,33.4948,-121.7901,Z100,435805.79
928.1,3,4.5,32.4,33.1999,-116.6708,Z104,299843.22
1554.3,2,1.0,120.0,32.8027,-116.375,Z109,365022.35
1483.4,1,2.0,67.1,34.9391,-115.6549,Z113,385301.35
1395.9,2,1.0,4.7,41.2546,-119.3704,Z123,322489.56
1435.7,2,1.0,15.3,36.2035,-119.206,Z100,458177.49
559.1,5,1.5,4.2,39.7581,-123.4691,Z111,221297.84
1225.6,1,3.0,18.8,34.3068,-115.5527,Z118,353295.34
1546.4,1,1.0,44.9,33.1145,-118.8984,Z101,331098.59
1579.9,2,1.0,5.1,37.7657,-118.2584,Z113,449695.94
986.2,2,4.0,63.7,40.3099,-123.2249,Z102,287614.45
2132.9,3,1.5,25.3,41.0354,-118.1809,Z118,522339.0
1066.9,1,3.0,41.5,37.6889,-124.0591,Z102,305715.55
1984.7,2,3.0,1.4,35.2933,-114.8063,Z112,536703.57
1713.6,1,3.0,3.0,33.5404,-115.4329,Z116,382262.97
1176.9,1,3.0,29.1,38.8443,-122.4597,Z102,369116.5
2387.7,4,1.5,54.6,35.1641,-118.2651,Z113,555590.54
903.2,2,1.0,62.1,40.5176,-118.1717,Z101,141751.92
1959.6,3,1.0,35.0,38.2487,-116.064,Z112,476266.37
2000.3,4,1.5,6.7,40.6593,-116.5523,Z108,449625.81
1164.7,4,1.5,6.5,37.8832,-114.0709,Z109,353059.73
2196.2,6,1.5,64.0,39.8316,-120.8162,Z107,621730.9
1375.0,3,4.5,3.6,35.2959,-123.1914,Z128,368817.39
1644.3,4,1.0,34.8,37.2791,-118.4785,Z128,420895.42
1630.2,1,2.0,22.9,32.6844,-116.4781,Z121,441827.12
1432.8,4,6.0,16.4,38.2744,-121.4992,Z106,435883.92
1905.4,5,3.5,17.4,37.5705,-122.0198,Z129,506135.25
1896.7,1,1.0,87.1,39.6752,-116.0742,Z100,455454.09
625.7,1,2.0,59.3,39.4251,-116.5859,Z122,163713.34
2152.2,5,2.5,60.1,38.4624,-122.3644,Z107,569119.91
668.8,5,2.5,15.7,33.0385,-115.3727,Z107,309300.45
2016.3,5,3.5,3.4,41.0786,-123.0853,Z105,457270.15
2063.4,3,1.0,120.0,32.6712,-123.353,Z122,438624.06
954.5,3,5.5,4.7,40.131,-120.8134,Z126,319940.12
1294.6,5,5.5,21.7,37.0538,-115.1914,Z117,393840.94
947.1,4,1.0,9.2,40.2709,-117.1979,Z103,374008.96
1392.5,2,2.0,21.4,36.9182,-120.3555,Z123,390787.41
1346.0,1,1.0,10.9,38.6459,-122.8489,Z110,368509.15
1889.8,3,5.5,68.2,35.951,-117.0085,Z119,530881.89
2155.2,3,5.5,103.6,39.5649,-118.209,Z123,557738.86
2197.8,5,3.5,15.8,34.9147,-114.1293,Z125,564439.35
1218.9,5,4.5,2.2,39.3339,-116.4616,Z115,389698.52
1395.4,4,1.5,32.7,34.3371,-123.4277,Z129,356507.26
658.3,2,1.0,14.2,39.3606,-116.8537,Z111,206641.12
1097.1,1,3.0,120.0,35.2899,-121.7968,Z103,378586.46
1982.4,4,4.5,2.8,35.147,-114.4001,Z108,495406.93
2307.8,2,1.0,3.8,40.2092,-124.2976,Z100,593185.54
882.8,2,2.0,36.1,40.2301,-121.9973,Z105,179887.79
1203.8,3,3.5,42.6,39.0683,-119.2605,Z100,306080.16
1486.8,1,1.0,19.1,41.2771,-123.6698,Z127,408666.87
1640.1,3,1.5,9.7,33.9838,-120.8873,Z121,425965.4
1095.2,3,1.5,11.1,35.0586,-119.279,Z119,312737.39
1712.0,8,1.5,12.4,35.2931,-119.8072,Z123,532448.02
1263.1,2,3.0,7.7,35.4002,-119.6639,Z128,351662.12
1492.8,2,4.0,57.0,35.6163,-115.2703,Z107,443776.4
1773.1,3,2.5,2.0,39.1216,-119.1944,Z112,449728.37
1503.2,8,1.5,15.7,35.0722,-114.619,Z124,486978.06
1281.8,3,4.5,41.3,35.2163,-122.9488,Z122,338397.15
1445.2,2,5.0,0.1,37.9189,-121.5573,Z128,414531.88
1455.8,2,2.0,63.1,34.3369,-117.6066,Z126,388834.18
1315.0,2,1.0,36.8,35.9664,-121.5272,Z128,331748.11
1370.6,2,2.0,2.3,33.0504,-120.8536,Z123,408538.58
2299.3,2,1.0,67.6,41.5492,-115.0392,Z128,495000.0
1780.5,4,1.5,20.0,35.5144,-118.8451,Z126,537954.7
1352.3,1,1.0,31.7,40.5754,-120.9861,Z118,323025.97
1848.5,1,2.0,64.1,37.5345,-116.3445,Z125,425868.2
1333.1,2,2.0,63.9,34.668,-123.758,Z119,347291.07
2086.6,7,1.5,15.8,34.3376,-118.5815,Z103,610272.48
1684.8,2,2.0,8.1,39.1021,-123.4535,Z121,490747.72
1446.3,2,2.0,8.9,41.6663,-122.6431,Z106,419302.54
1723.9,3,4.5,43.6,34.2392,-123.8443,Z124,525739.03
714.6,3,2.5,79.5,33.5965,-115.0323,Z129,187927.65
936.6,2,6.0,2.2,36.1774,-123.9939,Z125,300789.78
903.0,4,2.5,0.5,36.2412,-119.0776,Z121,259054.93
1571.5,5,1.0,51.9,40.1594,-122.1377,Z117,336768.82
2366.3,4,1.5,14.7,36.9544,-120.4723,Z109,644275.78
2615.7,2,3.0,9.7,33.0934,-119.3166,Z125,617261.55
1819.0,5,1.0,6.3,41.2463,-119.7744,Z122,437222.1
1750.4,2,1.0,12.8,36.0453,-116.6451,Z114,355365.51
599.5,2,2.0,106.7,38.8511,-114.9252,Z112,189515.61
1228.7,4,1.5,113.3,38.8411,-121.3471,Z125,310602.95
1106.1,4,2.5,12.1,33.0352,-124.2423,Z129,276823.62
1189.6,2,3.0,99.5,32.5342,-115.1136,Z124,319133.48
1415.9,6,2.5,10.7,33.3364,-114.2228,Z123,457766.54
1264.0,3,1.0,57.8,41.587,-119.9498,Z119,348085.98
510.4,7,2.5,7.1,40.0429,-119.7142,Z117,193126.73
1874.0,1,2.0,52.5,33.7541,-122.9864,Z123,467794.45
963.6,1,1.0,13.1,38.3413,-119.507,Z121,227402.76
1619.6,2,1.0,6.5,38.3138,-121.3148,Z111,399580.27
2537.0,1,1.0,81.9,32.5053,-114.059,Z114,526840.25
1040.3,4,1.5,7.2,36.5761,-122.5591,Z107,394775.38
300.0,5,1.0,120.0,39.2619,-120.5248,Z110,140894.7
1357.0,2,1.0,3.4,34.2745,-118.0267,Z124,307645.88
2050.5,1,4.0,0.3,40.5836,-120.8762,Z102,472205.89
2479.2,2,4.0,61.4,38.7729,-119.5186,Z123,570450.39
885.2,8,2.5,26.5,32.5658,-114.2784,Z113,287291.66
1748.3,3,5.5,16.4,40.6217,-119.1653,Z125,497944.18
1267.3,2,1.0,2.6,32.6843,-114.9416,Z107,354046.96
1447.0,6,3.5,25.7,40.9353,-124.0476,Z120,378895.4
2822.2,5,3.5,15.0,35.6703,-123.2419,Z105,669671.88
748.5,1,3.0,19.8,39.1372,-114.5826,Z120,191922.38
1626.9,1,1.0,29.9,39.9806,-123.1483,Z121,432840.6
1733.8,4,1.0,30.6,35.1721,-116.7662,Z100,539117.82
2042.9,1,3.0,97.0,35.8861,-119.817,Z125,512155.19
1549.0,1,2.0,31.9,37.3406,-120.2291,Z109,413158.52
1654.0,1,2.0,12.4,38.0356,-117.5782,Z125,404479.55
1304.2,2,2.0,12.0,35.2744,-116.8602,Z101,377877.22
1634.6,6,3.5,19.5,41.9278,-114.7143,Z107,459864.43
1328.4,2,1.0,9.0,39.5015,-121.8027,Z113,362554.44
1810.8,8,2.5,14.2,35.1044,-117.1702,Z100,501763.89
1315.2,2,2.0,55.4,38.5841,-120.906,Z124,400737.26
1688.6,1,3.0,58.9,36.636,-116.9651,Z106,497270.0
1485.4,3,2.5,29.6,40.6731,-123.0078,Z100,373609.45
2063.0,2,3.0,26.2,35.625,-119.6958,Z129,444236.41
1474.3,2,1.0,16.7,34.2846,-122.5719,Z104,333247.27
613.5,1,2.0,30.3,32.9383,-120.9673,Z117,185894.81
2131.0,4,3.5,49.2,41.8509,-116.9859,Z129,492298.5
1047.1,3,3.5,40.2,35.9126,-122.0498,Z126,316114.15
1173.1,1,1.0,1.1,34.5949,-117.3087,Z127,371890.01
1202.2,2,2.0,39.4,37.1718,-119.2926,Z116,310904.88
2187.2,2,1.0,38.2,35.2706,-123.5336,Z116,484586.26
432.2,2,2.0,3.1,34.7126,-120.4397,Z129,173973.54
3068.9,4,2.5,4.9,38.3557,-115.3733,Z112,721268.63
2028.0,8,1.5,46.5,33.2111,-114.1124,Z120,536780.83
1611.6,5,1.0,24.6,37.3354,-120.6263,Z103,500336.05
1472.6,2,1.0,51.7,36.1806,-123.9238,Z120,309849.62
1642.8,4,3.5,6.1,37.559,-123.133,Z121,460696.77
1760.6,2,2.0,0.9,35.5442,-116.2244,Z115,417302.43
1822.6,3,3.5,5.3,37.918,-117.6142,Z116,471376.97
1777.8,3,1.0,18.1,33.2773,-121.5074,Z117,372805.68
1544.8,6,3.5,22.2,36.0735,-120.3914,Z101,380316.09
1401.3,7,2.5,58.5,34.7562,-115.9829,Z120,357114.71
1424.4,3,2.5,37.8,36.6619,-120.1623,Z111,262009.42
1402.5,3,1.0,120.0,36.2842,-116.5644,Z109,221183.04
2066.9,2,1.0,2.5,38.4962,-121.4003,Z108,492224.0
1796.8,2,1.0,4.2,38.4732,-116.8895,Z122,441935.57
300.0,1,2.0,2.6,36.427,-119.6028,Z125,108848.48
1828.0,4,3.5,23.2,34.2254,-118.7738,Z103,509817.01
1597.4,3,2.5,9.3,38.0282,-118.2133,Z114,440658.68
1490.6,1,1.0,34.5,41.6819,-119.769,Z120,321466.37
1305.7,4,2.5,4.3,34.2617,-119.6056,Z126,460445.46
2062.1,1,1.0,3.3,33.1561,-121.7101,Z122,436876.27
1973.8,5,3.5,18.5,35.0133,-114.1495,Z129,517226.04
1113.6,4,1.5,14.1,36.4227,-114.9889,Z109,370739.12
1703.5,3,4.5,53.0,35.4088,-118.9625,Z108,403116.61
1014.2,5,3.5,54.5,40.4297,-124.1364,Z127,338008.07
810.2,1,2.0,3.7,37.1838,-122.7315,Z125,240263.74
1186.6,1,1.0,50.2,34.8382,-115.5337,Z106,293206.55
1931.2,1,1.0,24.9,41.5269,-114.7265,Z110,489448.3
1976.6,4,6.0,21.0,33.6881,-122.8064,Z128,585982.32
1756.5,2,5.0,3.0,33.6677,-116.7876,Z101,487176.22
1862.5,6,1.5,40.4,34.8302,-117.9583,Z119,591839.93
1758.1,1,2.0,1.8,33.2293,-121.3145,Z125,419597.78
1179.3,4,3.5,9.8,39.6407,-119.921,Z128,345494.11
1716.0,4,3.5,3.0,35.4717,-117.3887,Z119,514387.4
1900.2,1,6.0,22.7,39.4335,-123.4364,Z129,528655.88
1877.1,2,2.0,31.1,39.746,-122.5151,Z126,534383.58
2094.5,3,3.5,66.5,34.7564,-124.1502,Z124,548841.65
1854.2,8,2.5,39.7,37.4245,-115.0269,Z123,505570.27
1675.7,1,1.0,97.4,37.4361,-118.4741,Z115,349923.47
2035.1,1,2.0,42.9,40.778,-119.004,Z105,497002.54
1486.7,3,1.5,10.6,32.7435,-117.0845,Z107,446706.9
1059.1,1,1.0,23.8,35.5096,-114.1223,Z122,251120.36
1418.5,4,2.5,18.4,40.8836,-122.6915,Z123,434853.72
1127.5,4,4.5,25.0,34.7496,-123.1024,Z128,362104.22
1162.4,1,1.0,25.5,33.8004,-121.4047,Z122,310521.05
1427.7,1,1.0,36.3,37.9733,-115.0086,Z117,293866.72
1103.8,6,1.5,2.6,35.4058,-120.1797,Z110,327529.54
1346.0,5,6.0,41.2,36.9393,-116.1683,Z127,392953.85
553.2,2,1.0,4.7,40.2901,-122.3693,Z121,180545.13
1606.6,3,1.5,0.8,37.4466,-119.3171,Z103,433551.1
1500.6,7,1.5,22.0,37.401,-123.1616,Z103,465729.06
1091.5,1,3.0,26.1,35.1427,-120.1646,Z109,294673.75
1829.6,4,3.5,1.1,40.0322,-121.746,Z121,459985.92
1968.8,3,5.5,21.7,39.5282,-118.731,Z115,450757.93
696.2,2,2.0,22.9,34.7241,-116.3057,Z123,257263.79
1118.6,2,1.0,1.6,35.54,-114.6471,Z120,274062.97
1115.4,3,2.5,37.3,39.992,-121.5197,Z129,318114.98
1030.0,6,5.5,7.1,35.8983,-116.6971,Z102,368468.35
1914.7,4,5.5,47.5,36.3338,-115.2013,Z111,541519.72
1403.1,1,3.0,11.2,35.9619,-123.1891,Z116,297196.25
1367.7,3,2.5,19.5,34.0355,-118.3477,Z104,355268.6
498.1,3,6.0,66.7,35.7385,-118.0756,Z102,149087.77
1817.7,1,3.0,49.2,40.1279,-121.64,Z115,451029.85
880.4,2,1.0,45.7,37.1652,-124.2636,Z118,241757.28
1530.0,1,3.0,5.2,36.8531,-121.8046,Z103,376145.26
1638.7,2,1.0,1.5,33.9853,-118.3603,Z108,410206.25
2180.3,4,3.5,27.9,34.1869,-122.4374,Z103,536434.04
845.6,1,1.0,15.9,32.908,-121.4829,Z120,173416.22
300.0,2,4.0,71.9,32.6326,-117.0668,Z109,209805.88
1591.9,1,1.0,12.9,37.1361,-120.3177,Z120,365781.66
2400.3,5,1.0,15.9,36.3877,-123.813,Z116,552161.63
2119.5,1,3.0,22.4,35.1161,-120.3088,Z115,510879.41
1604.8,1,1.0,47.7,41.9054,-114.0024,Z106,390254.67
1254.2,1,1.0,9.4,36.281,-121.759,Z114,308627.9
1903.6,5,3.5,85.3,39.994,-121.7148,Z117,449029.19
1013.2,2,1.0,23.3,34.5002,-122.7162,Z105,243921.41
1738.2,2,1.0,55.2,34.8469,-121.6478,Z129,350548.92
1752.7,2,2.0,22.4,37.8997,-118.4651,Z114,441200.3
2030.1,1,2.0,44.4,32.5383,-114.3717,Z110,448273.5
2879.8,2,3.0,1.6,32.6655,-118.1192,Z119,729331.85
1696.2,1,1.0,48.2,33.8511,-120.1966,Z129,358874.1
1245.5,8,1.5,22.3,34.6196,-120.4088,Z104,344545.18
1487.2,8,3.5,17.9,37.5146,-124.2456,Z115,500224.88
615.5,3,3.5,3.6,39.0192,-124.4733,Z111,170112.18
1152.6,3,1.5,40.6,35.4628,-116.1295,Z120,274254.6
1295.4,5,2.5,4.2,34.7712,-119.3533,Z103,466312.11
1238.0,1,2.0,6.4,40.3167,-124.1513,Z129,341896.37
1576.2,2,1.0,4.1,34.0464,-121.4967,Z101,405166.01
1088.8,3,1.5,0.2,38.9441,-120.7548,Z127,321106.17
2060.5,1,2.0,32.5,41.3476,-116.2755,Z115,444149.97
1500.1,1,2.0,9.5,34.706,-119.9389,Z107,441883.39
1495.3,1,1.0,4.9,33.3262,-116.2123,Z116,349735.1
1336.1,2,3.0,11.6,41.8077,-117.8458,Z108,337681.05
1577.6,1,4.0,20.7,35.0724,-124.1521,Z105,355949.56
1912.5,6,1.0,21.0,35.1188,-114.3288,Z103,506202.15
1066.4,5,3.5,13.7,37.0958,-122.595,Z121,290143.99
1170.9,3,2.5,20.5,34.695,-121.606,Z126,374566.89
1348.1,3,2.5,16.7,41.9323,-116.0024,Z124,397587.61
827.1,1,4.0,51.9,32.9082,-122.5067,Z112,265073.15
1090.4,2,1.0,0.9,36.789,-120.2886,Z113,262042.96
1261.9,6,3.5,60.8,37.7093,-115.4176,Z111,368562.8
1937.2,2,1.0,8.4,36.936,-117.8086,Z127,505745.92
1631.3,5,1.5,38.4,37.445,-121.3282,Z124,490426.55
1596.8,5,2.5,15.6,41.882,-117.7375,Z102,391957.56
1925.4,2,2.0,10.5,40.8306,-115.9674,Z128,546656.37
1431.3,5,1.5,28.7,35.4302,-120.2592,Z114,348136.32
1695.2,5,1.0,43.9,37.739,-118.4974,Z114,409234.91
1448.4,4,3.5,17.9,32.503,-114.1268,Z114,327497.13
1632.7,4,5.5,18.9,36.3909,-114.3721,Z114,374912.87
1208.6,1,1.0,1.8,34.0568,-119.1551,Z107,376388.44
300.0,1,1.0,77.3,39.2579,-123.4905,Z116,75113.97
1432.9,1,1.0,56.3,34.6004,-117.1428,Z124,424328.38
2211.4,1,1.0,15.2,39.6145,-121.6795,Z122,481263.39
1963.1,4,3.5,43.4,35.475,-117.4705,Z113,551816.5
1982.7,1,1.0,11.3,41.2954,-120.8066,Z125,463839.07
2118.1,4,1.5,39.3,36.7315,-116.953,Z122,387883.04
1544.3,3,3.5,21.8,40.4754,-120.6431,Z105,399198.09
1598.7,1,1.0,18.5,38.4676,-114.6174,Z116,395317.16
1191.2,7,1.5,1.7,41.7853,-123.0649,Z128,390347.02
1342.0,2,3.0,100.9,39.5559,-123.7817,Z101,294193.51
1807.9,7,1.5,54.5,39.4132,-116.2974,Z110,526529.71
2101.9,3,2.5,47.3,35.0162,-120.2861,Z115,561636.14
1430.3,4,3.5,10.9,37.2962,-119.6115,Z118,476499.45
1274.9,3,3.5,10.3,35.2561,-114.6949,Z116,282847.23
1500.3,3,2.5,25.5,32.6833,-118.3058,Z120,366708.48
1800.6,2,4.0,56.2,39.2506,-117.5682,Z126,491864.85
778.1,3,1.5,81.8,34.7404,-124.2956,Z120,151862.73
351.9,3,1.0,9.4,36.2746,-117.4596,Z105,134103.11
1224.7,4,3.5,28.1,35.2041,-120.4223,Z113,337209.14
889.6,2,2.0,38.6,34.3965,-119.6677,Z112,207805.82
1245.9,1,4.0,7.7,33.1376,-116.0155,Z122,260274.85
1426.1,3,1.5,15.7,35.71,-119.0002,Z125,379183.45
1273.4,5,1.5,6.2,33.2766,-114.1379,Z124,409588.05
2226.2,5,2.5,36.0,37.633,-116.1335,Z128,547273.9
1663.4,1,1.0,59.8,32.6864,-116.8498,Z106,485244.66
1650.2,1,3.0,63.0,41.4302,-118.3188,Z112,434023.87
1811.1,5,2.5,33.3,41.6815,-120.1698,Z105,465152.38
930.6,2,4.0,12.8,35.3942,-123.9448,Z128,288755.88
2019.6,8,1.5,32.5,34.9718,-124.3058,Z124,605541.17
1462.1,1,1.0,59.9,33.4918,-124.009,Z101,297906.02
1835.2,5,3.5,29.5,41.0967,-114.4322,Z121,512290.5
964.1,7,3.5,16.0,38.0752,-121.1063,Z104,358053.66
723.1,4,1.0,75.7,38.2962,-117.1436,Z111,172842.61
1908.9,4,2.5,54.1,41.0106,-118.2597,Z114,435642.36
1688.2,2,3.0,64.2,41.1525,-118.4975,Z105,367701.41
1049.0,5,2.5,70.1,40.3692,-118.418,Z125,274188.54
1065.2,4,1.0,15.0,39.8477,-121.3259,Z100,408055.85
2062.7,7,2.5,58.9,40.8338,-115.1914,Z110,586938.22
905.3,3,2.5,25.3,40.8217,-114.8483,Z120,271550.72
2321.3,5,4.5,1.2,36.0021,-117.7325,Z111,586342.3
1049.7,5,1.5,30.3,41.7472,-115.4285,Z123,345670.05
1819.2,2,2.0,19.1,39.2368,-123.8702,Z102,453547.94
1335.7,4,1.5,9.7,36.017,-123.4459,Z129,435717.66
1801.6,2,6.0,105.6,36.6995,-118.6298,Z118,426029.28
1227.9,4,1.0,1.7,39.0277,-115.6117,Z112,285462.74
1418.6,1,2.0,87.5,35.9304,-121.188,Z128,327823.02
1520.5,3,3.5,5.2,40.3523,-118.7454,Z110,465247.18
998.9,5,1.5,14.2,33.9066,-124.3954,Z122,298231.3
1870.4,3,3.5,16.2,41.1221,-114.1404,Z106,475486.21
1243.4,2,1.0,39.4,35.3614,-116.4467,Z111,274150.52
1385.7,2,1.0,7.3,33.9508,-120.7051,Z117,310948.93
1002.8,5,2.5,120.0,40.6512,-114.1784,Z128,307109.76
300.0,1,1.0,41.5,34.7749,-123.5295,Z115,100433.0
1404.5,1,3.0,46.8,40.5123,-119.6262,Z107,461580.8
2706.3,3,2.5,3.4,35.3145,-123.8821,Z120,601170.56
1892.3,4,2.5,19.4,41.3717,-120.9829,Z124,489464.81
1490.4,1,1.0,87.3,34.5812,-122.1967,Z112,359280.53
1368.6,7,2.5,9.4,33.1617,-121.1762,Z116,415716.86
1511.2,1,4.0,4.7,41.397,-114.5522,Z126,472908.06
1773.6,2,2.0,19.9,34.0734,-120.0145,Z103,515126.0
909.6,2,2.0,79.9,41.4693,-121.089,Z123,264355.79
2057.2,5,2.5,20.0,40.3278,-117.7719,Z108,555643.47
1857.7,3,3.5,15.6,33.2783,-117.3246,Z108,441996.05
1859.1,2,4.0,31.5,36.7288,-114.1704,Z109,450097.88
1719.2,4,4.5,82.9,33.1973,-118.7664,Z110,481536.06
1509.8,2,1.0,1.5,35.633,-116.5981,Z100,436451.93
1836.4,2,2.0,5.0,35.8393,-120.4873,Z116,446504.82
1795.9,5,6.0,4.3,38.1965,-122.7042,Z106,557474.75
1323.0,2,6.0,2.7,41.771,-119.9867,Z110,384920.35
1213.2,4,2.5,10.8,34.1128,-120.1029,Z112,364139.87
1550.9,1,4.0,7.8,35.6269,-120.0836,Z127,497901.76
2274.5,8,2.5,23.9,38.0775,-117.1981,Z105,574869.47
880.4,1,1.0,11.9,34.1285,-120.2376,Z129,277638.08
766.2,5,1.0,15.6,39.2517,-114.4813,Z122,256725.25
1582.4,2,5.0,85.3,36.3348,-114.1811,Z107,468101.9
1525.4,5,1.5,5.1,41.5209,-119.0047,Z126,424490.75
1586.7,1,2.0,14.8,38.4838,-118.6363,Z121,418491.58
1622.0,4,1.0,8.9,35.9493,-120.2199,Z109,457921.7
1388.4,3,1.5,23.9,39.335,-120.7663,Z113,383801.21
2244.9,3,2.5,40.0,40.4682,-114.1541,Z125,553645.33
699.5,2,1.0,50.9,40.1046,-124.0731,Z111,193564.66
1085.8,2,4.0,21.7,34.9963,-120.1941,Z125,380591.17
1448.4,2,1.0,57.9,36.4613,-122.9109,Z122,378619.65
678.4,5,2.5,46.1,36.7957,-116.8741,Z110,319724.34
1412.1,4,1.5,5.1,36.1896,-122.4583,Z106,474806.04
2330.7,2,2.0,8.4,35.4532,-115.2112,Z122,543193.33
1510.4,4,2.5,33.4,39.6511,-120.568,Z112,356907.33
1615.4,6,3.5,110.4,32.6161,-114.8699,Z129,429757.14
869.9,6,1.5,14.2,35.2887,-114.1411,Z101,293156.85
1191.8,2,2.0,7.8,33.8454,-116.4027,Z102,386926.93
1312.4,1,1.0,61.0,33.7233,-117.9568,Z125,347350.88
1341.1,2,1.0,6.7,35.1311,-122.926,Z124,358311.11
2140.8,2,1.0,35.9,39.7405,-114.7029,Z100,581948.95
1778.8,4,4.5,1.0,41.7095,-116.3429,Z128,506178.16
944.3,2,2.0,0.6,37.3889,-121.4755,Z123,299273.92
1623.3,3,1.5,18.0,35.7202,-119.5807,Z122,330560.88
1749.1,3,5.5,32.1,40.3771,-123.7895,Z105,484027.4
2070.1,4,1.5,4.6,33.1375,-117.5805,Z100,508292.2
2290.3,2,3.0,43.3,33.3851,-123.1847,Z124,516558.75
992.5,2,2.0,4.1,35.781,-117.6589,Z101,288479.76
1094.6,2,1.0,22.9,36.7599,-117.4487,Z109,345464.82
871.2,1,1.0,11.1,40.0795,-121.0914,Z111,166561.68
1383.0,4,3.5,41.9,41.29,-114.539,Z104,345085.3
1733.2,1,2.0,48.9,37.5471,-116.3209,Z108,391122.27
1993.7,4,1.0,2.1,37.2086,-119.2843,Z111,503320.2
1462.0,7,1.5,6.4,34.5236,-114.855,Z107,443351.03
1340.1,4,1.0,66.9,36.7862,-115.5136,Z109,411577.97
1575.9,2,2.0,16.1,41.2746,-117.2317,Z113,381765.17
1082.4,2,2.0,19.4,36.2325,-122.8939,Z119,278015.89
2544.8,6,2.5,5.5,34.5015,-119.2807,Z114,646430.95
696.2,1,3.0,120.0,35.7043,-115.4236,Z107,288601.99
1592.4,2,4.0,76.9,37.3886,-118.1066,Z108,428952.46
2511.8,3,2.5,0.1,38.1866,-118.7721,Z127,674783.94
1503.4,2,2.0,24.0,36.6081,-114.4701,Z126,423518.08
1405.0,6,3.5,61.7,39.7061,-124.3262,Z104,403515.32
1321.3,3,3.5,16.9,38.0523,-124.3735,Z100,424714.03
1409.8,3,1.5,17.2,38.818,-115.1254,Z110,479833.12
2186.4,4,1.0,14.3,40.6977,-124.0954,Z121,522174.48
394.1,1,2.0,0.9,40.724,-121.0083,Z103,171987.35
2266.7,3,3.5,46.9,34.4333,-114.7977,Z105,515867.1
788.0,4,1.5,18.3,38.4218,-117.2429,Z116,294012.72
1366.7,8,2.5,22.7,39.3081,-117.6943,Z103,458289.59
1285.4,3,5.5,8.9,33.8856,-117.6015,Z104,331783.59
1794.3,1,5.0,46.0,40.5063,-121.1647,Z121,386916.33
700.9,4,3.5,47.4,34.2145,-118.9294,Z113,232006.74
1731.1,1,4.0,24.2,40.0932,-117.8853,Z120,413017.49
2512.2,3,3.5,70.5,34.0339,-121.29,Z117,493094.11
818.4,1,4.0,3.7,39.5469,-116.1487,Z102,247965.27
1594.9,6,4.5,46.3,33.9074,-121.1216,Z120,424853.06
1169.0,3,6.0,24.5,36.0989,-123.7498,Z110,381720.85
1712.9,3,1.5,7.9,33.8634,-122.3847,Z114,349819.64
1509.6,5,2.5,4.3,35.0718,-120.2117,Z106,427099.69
1179.3,6,3.5,10.7,41.8529,-114.9654,Z103,395594.95
1743.9,1,1.0,58.2,33.5229,-120.1345,Z126,456621.22
2402.2,3,3.5,46.5,36.3614,-123.5571,Z105,603018.71
1404.5,2,2.0,31.1,38.9307,-122.4372,Z124,373076.87
1859.9,3,2.5,2.8,33.3987,-118.7831,Z109,556405.69
853.4,3,1.5,92.9,33.5358,-122.6346,Z106,252318.19
1021.8,3,1.0,10.9,33.861,-123.8285,Z102,277911.4
1736.2,1,2.0,28.0,38.6274,-116.9943,Z114,308059.91
2242.1,1,2.0,48.8,41.1387,-116.2644,Z126,574265.34
1677.8,1,2.0,4.3,40.3469,-115.5684,Z120,378968.29
1343.5,4,2.5,31.7,41.839,-115.6387,Z124,326439.92
1499.6,1,2.0,1.0,37.9923,-120.5178,Z115,391359.01
874.8,2,4.0,3.2,41.634,-116.7881,Z120,281024.27
1802.3,1,2.0,38.5,35.3969,-118.3728,Z102,468922.23
1941.2,3,3.5,5.1,36.5043,-124.2547,Z123,497706.84
1274.0,1,2.0,17.6,36.2624,-120.2832,Z122,268723.5
1265.0,2,3.0,8.6,32.9499,-123.9448,Z111,321505.69
1632.9,2,1.0,16.4,40.3822,-123.6248,Z104,384396.84
1281.6,4,5.5,2.4,32.7348,-123.912,Z104,464240.26
1466.9,3,2.5,42.2,39.4338,-114.4101,Z100,377810.62
2549.9,1,1.0,2.5,36.3671,-115.6359,Z123,625246.99
1376.5,4,5.5,54.6,32.5594,-119.8894,Z105,374729.81
1320.8,2,3.0,32.6,35.2545,-121.896,Z114,285949.19
1176.2,3,2.5,16.2,35.7882,-123.7393,Z120,259234.42
1872.1,4,2.5,60.4,41.6647,-119.9724,Z112,495067.83
1409.4,2,2.0,6.2,38.7803,-118.1963,Z106,445036.14
1175.3,3,2.5,9.2,37.6639,-116.1304,Z117,341117.3
2160.7,4,3.5,4.4,33.707,-123.9586,Z118,559830.08
2209.8,2,1.0,14.4,36.2155,-120.1124,Z124,558717.49
1199.8,2,1.0,120.0,32.8398,-114.243,Z120,303488.37
566.7,3,2.5,5.3,39.736,-123.2324,Z105,125960.55
2003.8,8,2.5,53.3,34.0464,-120.2969,Z107,600696.18
1157.7,5,1.0,31.7,38.1471,-121.6119,Z129,367658.71
1895.3,2,3.0,0.5,39.1442,-123.0926,Z102,530324.6
514.9,3,1.0,87.0,35.9818,-115.6911,Z116,117176.09
1946.3,2,1.0,106.3,38.5096,-117.1803,Z113,423775.98
894.4,1,2.0,77.7,39.7602,-120.1787,Z128,262606.35
1865.4,3,3.5,20.9,34.2492,-120.6248,Z119,507753.96
1507.1,2,1.0,7.5,38.2082,-115.8086,Z113,433710.59
1023.0,4,1.5,14.9,39.4719,-123.5468,Z101,320620.12
1296.5,1,3.0,28.6,35.892,-122.9583,Z124,333544.44
1843.2,3,1.5,14.3,34.0437,-114.9812,Z103,433910.02
1552.9,3,3.5,36.9,35.2181,-115.9193,Z108,339473.95
1792.2,2,1.0,47.6,41.3642,-116.3638,Z122,365759.09
2488.2,2,1.0,7.0,35.8958,-117.9483,Z115,560426.92
717.9,4,2.5,15.6,33.5232,-121.4293,Z122,245917.96
2308.6,3,3.5,94.9,33.2859,-114.6847,Z100,564426.46
1552.2,4,1.0,8.6,34.2147,-119.3354,Z101,346516.18
1050.6,2,1.0,12.8,33.7114,-121.5535,Z122,295234.26
834.8,2,3.0,1.1,37.2029,-120.6615,Z111,221376.84
1405.4,2,1.0,12.1,35.8017,-124.3232,Z115,332960.03
1960.8,6,5.5,13.9,40.4934,-121.8208,Z120,481468.99
1436.2,1,1.0,3.2,40.8702,-122.5265,Z122,351122.65
2255.6,2,1.0,0.0,36.9962,-123.0767,Z114,484664.53
774.4,4,5.5,25.7,40.941,-124.1625,Z118,283751.17
1494.0,1,2.0,10.8,36.7794,-122.1178,Z123,358365.79
873.8,3,1.5,0.5,38.5986,-123.4131,Z119,275164.44
1681.8,4,2.5,59.0,34.0441,-124.026,Z123,466697.92
1943.4,2,1.0,26.3,32.9995,-123.0581,Z105,488642.72
1289.6,2,1.0,5.6,34.0208,-122.3748,Z124,390721.54
300.0,3,3.5,60.1,34.8925,-120.1324,Z121,146031.52
1599.5,5,3.5,8.8,39.6343,-118.3712,Z119,417596.99
1718.4,4,3.5,7.7,34.1483,-121.1162,Z118,512946.49
1702.1,2,1.0,67.5,33.7412,-123.0168,Z114,368640.37
2117.9,1,2.0,5.9,41.3123,-114.6266,Z129,438445.94
964.5,4,3.5,63.4,39.0436,-119.094,Z103,361221.08
1840.1,7,2.5,48.7,36.9964,-116.7103,Z115,384516.7
2096.3,8,1.0,11.1,33.4022,-117.2084,Z110,555878.6
610.7,4,1.5,1.1,40.592,-121.5086,Z106,325804.23
1659.8,4,1.5,2.6,33.5285,-118.6214,Z123,576770.52
1247.9,2,1.0,3.5,38.3049,-118.1773,Z101,350804.83
1459.2,3,3.5,66.4,38.8429,-120.8062,Z124,386579.43
1673.8,3,1.5,15.5,36.3013,-117.457,Z106,475906.68
1256.4,2,1.0,1.0,41.1566,-116.1979,Z122,232599.67
1162.1,5,3.5,24.4,32.9817,-120.6758,Z128,351911.24
1517.1,4,2.5,7.0,40.2721,-124.3434,Z111,314118.54
956.4,2,3.0,8.0,37.761,-120.832,Z125,339907.21
957.1,5,2.5,5.3,38.3064,-123.2734,Z113,361233.21
1839.7,2,2.0,43.1,41.8748,-122.8661,Z114,426878.81
925.6,3,2.5,0.0,38.0352,-120.6575,Z119,349937.86
1833.2,4,5.5,17.3,40.0718,-122.32,Z106,506604.78
1731.3,1,1.0,2.7,33.9585,-114.6837,Z117,384857.15
637.1,6,2.5,24.1,40.1883,-117.6456,Z110,262856.53
1161.2,3,2.5,12.7,39.7302,-119.0572,Z109,363910.76
2097.1,1,2.0,0.9,41.697,-124.3979,Z113,507071.85
1009.4,1,2.0,18.5,41.3893,-123.412,Z129,282800.95
1267.8,2,1.0,25.4,34.5329,-116.221,Z102,313268.6
1731.0,2,3.0,8.5,36.9169,-120.4077,Z117,413373.6
1891.7,2,1.0,43.5,41.1591,-124.0223,Z111,411519.38
1374.2,6,1.0,13.9,38.5873,-115.8316,Z120,371015.29
1201.2,1,3.0,41.5,36.9052,-121.3222,Z100,315185.53
2211.2,4,1.5,26.0,33.5349,-120.4439,Z129,512321.0
2369.4,4,1.5,61.0,35.8417,-114.2691,Z112,512992.21
1989.4,5,4.5,23.8,38.8198,-124.3371,Z101,585478.46
1542.7,4,1.5,6.2,39.8807,-116.9261,Z114,421483.72
1095.9,3,4.5,51.9,36.7481,-114.5367,Z110,353483.76
1084.8,3,2.5,45.8,33.0305,-123.8295,Z105,325345.64
1761.3,4,2.5,107.7,38.5151,-115.4062,Z105,497800.97
1709.2,3,1.5,2.9,41.2551,-120.1295,Z127,539492.11
2200.8,5,2.5,26.8,37.2159,-115.281,Z123,598618.93
1825.2,2,1.0,20.3,41.32,-121.2631,Z124,423509.24
748.5,5,1.5,33.3,35.864,-114.182,Z124,318725.66
2026.0,1,6.0,117.6,40.9205,-117.706,Z122,468559.58
1001.0,1,4.0,22.8,39.9702,-117.9156,Z111,241386.72
1308.0,3,2.5,34.7,41.6365,-116.038,Z115,378198.43
1625.1,3,1.0,12.8,40.0147,-119.9158,Z115,388494.59
2497.8,3,4.5,10.7,35.5541,-121.784,Z109,583324.5
3055.0,3,2.5,12.3,41.0554,-121.7392,Z116,740587.8
1803.4,1,2.0,1.2,38.8624,-121.0287,Z119,486977.82
1408.4,4,1.5,10.1,34.0397,-118.0178,Z122,401291.92
1767.3,7,3.5,5.7,32.9367,-115.6969,Z101,407790.34
1943.8,2,3.0,18.3,35.9755,-119.2544,Z127,538026.34
1339.7,1,1.0,18.5,39.9752,-120.2638,Z124,363691.29
2397.6,4,2.5,43.5,38.373,-116.1646,Z112,552302.21
1615.0,5,1.5,20.9,37.5077,-121.4585,Z116,401454.01
1748.9,1,1.0,18.7,32.5354,-117.2651,Z108,376953.19
1833.0,3,4.5,7.9,36.6373,-123.389,Z114,505257.55
1710.8,4,1.5,57.4,33.9984,-123.311,Z106,497141.33
1919.5,1,4.0,2.9,36.8184,-117.7374,Z112,454224.74
1191.4,7,3.5,120.0,41.9218,-123.6311,Z109,352196.65
1220.8,2,1.0,19.4,40.8556,-122.872,Z121,336721.93
949.9,4,3.5,6.2,35.451,-117.9441,Z129,305184.22
1719.8,1,1.0,13.1,38.1383,-119.8989,Z127,412057.47
1889.5,2,1.0,0.5,37.2699,-118.6064,Z122,489271.6
1728.9,4,2.5,5.5,33.7354,-114.2421,Z117,414493.46
2337.2,4,1.0,12.3,41.9032,-117.8644,Z109,597145.06
1497.2,3,3.5,24.3,36.5392,-118.2961,Z127,475968.1
1834.4,5,2.5,4.2,37.3038,-120.5086,Z117,524394.05
954.1,1,2.0,33.8,38.6522,-117.8758,Z113,283495.32
1306.5,5,2.5,55.8,34.3197,-124.3635,Z118,337394.27
1847.8,3,4.5,25.5,34.6112,-118.6481,Z121,523065.21
1924.6,1,1.0,10.6,34.3293,-123.7766,Z100,495555.37
1353.0,8,1.0,3.9,36.1524,-122.1882,Z126,429405.89
1464.2,2,2.0,0.5,34.3969,-118.5872,Z103,436478.91
741.1,1,3.0,39.5,41.3008,-117.4865,Z123,223449.28
1321.5,4,3.5,29.7,39.286,-120.4596,Z123,342825.59
1945.2,2,1.0,19.4,41.0294,-120.1007,Z113,487895.24
1787.6,5,1.5,3.2,40.5606,-119.2708,Z104,416103.04
1750.3,2,1.0,7.0,39.1799,-116.5297,Z122,402171.08
1524.9,2,2.0,50.6,34.8061,-124.3149,Z104,381886.07
1503.5,1,2.0,19.6,38.3455,-119.8058,Z119,319975.92
1169.8,4,4.5,98.8,34.2698,-124.3501,Z121,333037.12
1849.4,1,3.0,120.0,33.7585,-121.149,Z113,400276.31
1710.5,3,1.0,48.4,38.5095,-119.0416,Z107,403486.07
1746.0,4,2.5,9.0,38.4339,-123.6608,Z111,427766.09
1237.0,6,2.5,7.9,33.9879,-119.4053,Z125,367214.11
423.3,4,1.5,8.8,35.8481,-114.792,Z116,192184.96
2048.6,6,5.5,120.0,33.1297,-117.3039,Z102,572272.46
1260.6,4,1.0,12.3,39.2995,-116.2863,Z103,410424.24
1068.6,5,1.0,36.8,41.8812,-118.4057,Z104,217378.98
1846.7,2,3.0,95.8,39.5291,-115.0882,Z100,476941.36
1304.0,4,2.5,51.4,40.5194,-122.9579,Z124,380101.54
2030.0,4,3.5,27.3,37.0253,-119.7772,Z123,497971.84
1808.5,1,3.0,5.6,33.408,-118.2312,Z101,423425.15
1841.8,2,1.0,5.8,39.4028,-115.3285,Z104,438382.68
817.0,4,4.5,20.3,34.9369,-121.2659,Z124,303344.66
2106.0,2,4.0,91.1,36.1888,-124.4882,Z128,534606.73
1630.6,5,1.0,70.5,39.1794,-114.2687,Z118,462064.56
1315.4,1,3.0,5.5,41.0955,-124.2272,Z104,350322.26
1571.7,6,5.5,10.2,37.1194,-122.9001,Z124,428626.03
611.9,4,2.5,26.7,41.6353,-120.0685,Z121,215615.95
1704.3,1,1.0,19.5,37.4391,-119.2881,Z112,379479.61
985.3,5,1.5,3.8,33.6638,-115.7381,Z104,285036.06
823.7,4,1.5,13.8,37.4251,-119.7979,Z107,244897.73
738.8,5,3.5,92.8,40.676,-118.752,Z129,237722.72
2056.3,1,1.0,90.8,37.6114,-122.4,Z120,457072.99
1185.4,1,1.0,24.6,39.6037,-118.5238,Z108,229578.27
2266.9,2,2.0,30.3,37.7056,-120.842,Z114,435476.74
1232.1,1,2.0,7.5,37.6875,-123.4633,Z126,409598.83
646.3,2,1.0,40.6,35.2052,-114.5621,Z128,227543.05
941.7,3,2.5,1.6,34.412,-123.6423,Z102,395256.28
2117.9,1,3.0,7.5,35.1497,-117.3823,Z100,550550.41
1422.1,4,1.0,0.2,36.688,-114.964,Z119,409259.33
1225.9,3,1.5,14.6,40.1911,-122.6184,Z106,339146.72
1580.0,3,2.5,57.0,40.3754,-122.0103,Z112,480949.7
1750.9,5,1.5,120.0,34.0521,-120.0196,Z102,507401.0
2058.7,3,1.0,33.1,37.7521,-121.4076,Z128,529030.93
2224.2,6,1.5,41.0,36.4523,-116.5302,Z109,600927.66
1320.1,1,1.0,9.1,37.9239,-120.9494,Z123,316841.29
837.0,1,2.0,22.0,38.6524,-114.1487,Z117,208550.46
1293.3,3,1.5,40.0,35.1563,-115.4827,Z115,297712.14
1630.1,4,5.5,20.6,41.2328,-115.0989,Z108,419298.14
1018.1,1,3.0,2.8,41.3868,-123.8315,Z114,250535.93
1021.4,1,1.0,40.5,33.5009,-122.6488,Z113,288405.28
1671.9,1,2.0,7.4,39.1787,-122.7216,Z118,399384.56
1475.7,1,3.0,3.1,32.8157,-117.4444,Z126,438337.41
1516.4,4,2.5,19.5,32.9424,-124.3749,Z129,398547.12
1120.8,1,3.0,2.3,41.5991,-116.0325,Z105,341069.66
1384.8,5,3.5,29.8,39.1011,-118.756,Z106,456470.17
1037.9,3,3.5,30.7,35.5831,-118.5537,Z104,340451.71
1945.1,3,2.5,8.9,38.8638,-118.858,Z125,467403.49
2017.6,4,1.5,100.2,40.5354,-118.8789,Z112,544748.68
576.9,2,2.0,52.2,40.7736,-122.4222,Z104,123986.45
1035.2,3,1.0,3.5,32.6949,-121.5266,Z113,301244.68
751.7,2,2.0,41.4,40.2732,-119.38,Z100,271301.67
1175.0,3,2.5,13.1,40.6054,-117.3826,Z119,383781.92
1458.3,3,1.5,41.6,38.1579,-121.6445,Z100,400500.17
775.2,1,2.0,48.4,37.0591,-116.0356,Z108,199227.65
1039.1,6,2.5,4.9,33.5545,-115.9888,Z108,399399.7
998.0,1,2.0,32.5,34.7763,-121.6243,Z114,205298.8
1603.6,3,4.5,59.6,37.1596,-118.6193,Z104,362509.78
1534.7,2,2.0,11.7,40.7183,-120.8363,Z120,311483.38
1139.1,1,3.0,2.5,40.1298,-122.4978,Z128,302605.33
1588.4,3,1.5,0.8,37.2113,-116.037,Z120,251151.35
1226.7,8,3.5,3.5,39.9635,-114.0894,Z106,434447.01
1364.2,1,1.0,0.1,39.7745,-118.5599,Z121,432898.46
2336.7,3,2.5,11.9,38.0006,-114.9036,Z101,545148.97
2170.2,3,1.0,10.7,34.5931,-117.7572,Z110,609900.43
850.2,4,2.5,3.5,35.806,-118.5599,Z109,298682.32
1914.9,1,2.0,31.6,34.0586,-119.4585,Z118,553456.01
1905.7,1,1.0,120.0,32.5679,-122.025,Z104,413840.18
925.9,4,2.5,69.4,33.265,-123.6153,Z122,256520.58
1909.4,5,1.0,8.7,39.7164,-119.8555,Z114,414518.29
2269.0,4,2.5,44.1,32.8181,-118.6062,Z101,542611.18
938.7,1,5.0,82.9,36.2986,-119.1508,Z110,373542.53
1041.2,1,1.0,71.1,41.8649,-117.1965,Z103,217709.21
2008.8,1,2.0,64.8,40.0548,-122.483,Z116,437313.35
1635.7,2,3.0,46.3,39.6309,-120.7809,Z122,378365.03
1775.7,3,2.5,10.4,35.1097,-120.1365,Z126,439257.27
1670.3,2,1.0,2.6,38.5964,-122.5415,Z129,381967.98
1695.3,4,1.5,20.1,37.2378,-114.9821,Z101,452816.9
836.8,2,1.0,1.7,38.4263,-117.3441,Z123,256853.44
2023.7,1,1.0,120.0,36.6403,-123.5354,Z109,515691.74
2084.8,2,3.0,13.3,37.5441,-117.0156,Z127,537326.72
1385.3,1,1.0,95.3,41.8898,-118.7482,Z110,352838.42
1478.3,2,1.0,44.5,35.6285,-118.9986,Z100,438621.55
734.4,4,1.0,15.9,34.5563,-114.1072,Z117,207605.1
1757.1,4,2.5,3.8,36.7607,-118.0089,Z123,504461.9
1786.0,5,2.5,8.1,37.481,-115.0844,Z104,438740.49
1468.9,3,1.5,33.5,33.3135,-114.9077,Z129,360897.35
2062.2,1,2.0,53.1,40.1567,-123.4351,Z104,486977.11
1333.0,2,1.0,116.5,36.5095,-124.4122,Z126,320791.84
1782.3,1,4.0,4.3,36.4253,-119.9297,Z122,390205.71
990.2,2,1.0,5.1,38.759,-116.4225,Z129,263127.89
1488.2,4,1.5,1.3,39.8458,-115.8459,Z103,438714.23
1412.8,2,3.0,9.0,41.8664,-116.2313,Z108,315413.96
1612.7,4,3.5,51.6,34.1484,-119.8035,Z118,514629.51
1315.2,2,4.0,6.6,35.7828,-116.6254,Z123,401076.74
1434.3,4,2.5,23.8,34.0984,-116.9528,Z102,389206.43
1913.0,4,1.5,17.7,40.8681,-121.2049,Z114,464538.21
1281.6,3,2.5,11.8,37.7107,-122.7284,Z123,422158.77
696.7,2,4.0,28.9,40.5982,-117.9751,Z113,207558.78
2374.8,6,1.0,20.9,41.8596,-117.3906,Z100,644776.86
2190.7,5,1.5,12.2,37.727,-118.5363,Z109,561931.72
853.9,4,1.5,35.0,33.6224,-122.2616,Z112,271355.51
1844.9,5,2.5,9.9,35.932,-121.5949,Z125,581652.33
1248.5,4,2.5,30.9,32.8438,-117.0609,Z122,305052.6
1631.7,1,4.0,94.6,40.5684,-114.3925,Z111,366404.74
1647.1,1,2.0,39.2,32.6699,-114.5792,Z100,349488.3
1382.8,3,1.5,16.3,38.1258,-119.0436,Z101,430656.87
1108.1,2,1.0,41.3,33.5083,-115.1911,Z126,243082.14
1154.7,3,2.5,49.7,32.5718,-124.1908,Z110,358870.68
1041.9,7,1.5,11.8,34.9334,-115.4579,Z111,348915.87
1084.1,5,5.5,36.6,37.7426,-119.5004,Z127,387885.81
1466.4,4,2.5,17.1,33.2133,-116.294,Z100,421473.83
1142.1,5,2.5,51.2,38.3414,-124.4414,Z109,359127.62
1841.0,2,1.0,10.5,38.8839,-115.3801,Z102,462907.98
2243.6,4,3.5,83.3,41.7121,-118.2527,Z108,457679.34
1210.0,8,1.5,25.7,41.0456,-121.9776,Z116,261032.42
1619.7,2,2.0,13.1,37.8845,-120.8514,Z118,485587.27
1749.8,1,1.0,16.3,40.037,-122.393,Z117,355123.08
1736.0,1,1.0,12.8,35.9546,-120.0437,Z104,398211.76
1538.0,1,4.0,4.7,38.0643,-121.0349,Z127,390263.57
1871.3,1,1.0,2.1,36.3319,-118.8877,Z106,469649.46
1741.1,1,1.0,11.6,35.7019,-115.9448,Z114,410904.31
881.2,5,1.5,18.4,39.4126,-114.1861,Z105,266907.09
1934.6,1,2.0,13.5,35.3184,-121.8597,Z125,522948.03
1943.6,2,3.0,0.4,36.1152,-123.3817,Z104,471682.63
1118.4,3,1.5,26.0,35.9881,-120.3455,Z128,329590.72
1519.0,6,2.5,4.7,40.7688,-122.9927,Z118,474912.69
1841.7,5,4.5,7.1,34.1188,-115.7405,Z112,499210.95
1395.3,3,2.5,3.9,36.124,-119.2382,Z106,440326.96
2036.5,1,1.0,22.0,40.9348,-117.9904,Z127,504463.07
2681.9,4,1.5,3.0,32.6454,-122.9186,Z124,620447.7
1107.0,2,1.0,8.9,41.5047,-116.6291,Z101,331906.14
809.5,6,2.5,18.0,41.0396,-114.2774,Z105,328693.67
1651.9,3,2.5,5.5,36.4696,-119.435,Z114,409629.06
1860.8,4,1.5,17.7,38.7037,-114.3942,Z127,548141.16
1384.6,5,1.0,12.6,41.9151,-124.1355,Z104,313195.53
2226.6,2,2.0,59.1,37.772,-124.1249,Z124,492057.14
830.7,3,2.5,47.5,33.4205,-114.4199,Z123,301753.52
1846.5,4,2.5,120.0,40.6096,-117.1472,Z124,409827.71
1197.1,7,2.5,22.6,33.7744,-122.5188,Z122,429804.62
2359.7,3,2.5,25.7,34.9441,-120.6793,Z104,522675.32
2496.3,2,1.0,87.9,40.7984,-119.1686,Z103,533543.54
1116.7,5,1.5,15.3,34.9323,-117.1223,Z129,301855.67
1225.2,3,3.5,24.3,39.5783,-115.6587,Z112,296858.99
1929.8,6,1.5,14.3,36.7529,-123.6321,Z123,539663.67
1306.4,4,2.5,23.7,39.7176,-117.606,Z117,350118.71
1477.3,1,2.0,2.5,34.7073,-119.4945,Z100,375666.63
1512.7,5,2.5,45.9,36.4859,-118.225,Z102,442851.64
540.2,1,5.0,120.0,35.5225,-119.1604,Z106,176270.53
1493.1,5,1.0,2.0,34.8659,-119.7677,Z100,489461.82
1155.1,7,2.5,48.4,35.4871,-122.3421,Z120,288294.67
1253.4,5,4.5,8.3,35.5684,-119.5405,Z113,464475.34
2221.8,3,1.5,6.6,41.5761,-122.5086,Z114,494090.14
871.7,5,2.5,35.5,37.5657,-124.0316,Z115,313122.31
1906.6,2,1.0,1.4,36.8895,-120.5748,Z104,399167.39
1360.5,3,1.5,18.7,37.2815,-124.238,Z102,380410.02
1360.1,2,1.0,0.0,41.9632,-118.5933,Z126,468563.04
1895.2,4,1.0,24.2,38.7091,-123.7399,Z116,432409.79
1670.0,5,1.0,18.6,39.1831,-119.9057,Z104,438446.27
1785.3,2,2.0,74.1,35.4794,-114.2085,Z123,434047.54
1984.1,3,1.0,38.2,36.9796,-124.3962,Z124,474435.97
1334.3,2,2.0,4.0,34.2486,-120.648,Z127,443950.95
1193.9,1,1.0,13.1,39.0093,-117.4307,Z128,378682.81
957.4,3,1.0,80.5,35.7727,-122.8314,Z121,204218.63
1087.3,5,6.0,38.8,39.6087,-118.6123,Z100,368708.99
2974.5,5,1.0,27.1,34.525,-121.789,Z129,654427.7
2122.3,5,2.5,24.6,36.3333,-122.1609,Z112,540603.77
824.5,3,2.5,15.2,36.9763,-115.1027,Z120,251252.51
838.8,4,2.5,26.4,34.082,-122.3656,Z117,213032.05
1740.9,2,1.0,44.3,33.1611,-120.5462,Z100,431746.94
1773.6,1,2.0,4.1,35.5121,-122.7192,Z128,454897.29
1774.4,3,1.5,105.0,37.6765,-121.5192,Z118,439228.43
1372.5,2,2.0,8.2,38.7005,-121.4224,Z126,437838.95
1437.3,5,2.5,17.8,36.5401,-121.0689,Z125,385975.42
1663.9,3,3.5,0.7,37.2526,-117.7688,Z120,436655.17
1542.9,2,1.0,24.0,37.6603,-116.7028,Z124,393076.35
390.3,2,2.0,14.4,37.3632,-119.138,Z122,191495.51
1385.1,1,1.0,8.6,33.3581,-118.09,Z105,365121.57
1074.3,3,2.5,120.0,36.3475,-115.9607,Z108,208384.72
1587.6,7,3.5,16.8,34.4411,-114.0046,Z113,436645.25
2992.6,1,3.0,16.0,37.5705,-119.7067,Z129,637744.22
1683.7,6,1.0,18.7,39.7017,-114.6674,Z121,460457.88
1343.2,4,5.5,3.7,38.0051,-119.3511,Z110,427400.07
1960.9,1,4.0,15.0,34.6073,-116.289,Z103,523419.73
1741.3,5,1.0,12.3,34.4737,-118.4812,Z106,549489.83
1710.0,1,2.0,18.8,32.8515,-115.2176,Z128,451534.33
1803.4,2,3.0,58.3,36.5506,-119.7886,Z117,404606.79
2528.3,1,1.0,6.4,36.6122,-117.1939,Z117,523036.4
934.6,3,5.5,28.1,34.7461,-119.6037,Z105,348057.54
1736.8,4,3.5,1.2,39.7605,-115.5012,Z128,507014.7
1036.8,2,1.0,11.4,36.1716,-114.0591,Z104,340438.44
1777.8,3,1.5,19.2,38.8593,-121.9452,Z105,482554.93
1040.7,1,2.0,2.3,38.5807,-119.5194,Z101,264677.61
1291.3,3,4.5,23.6,38.245,-123.6468,Z101,386946.13
1352.5,1,2.0,11.1,41.1266,-123.0195,Z100,452092.02
1987.9,3,1.5,120.0,32.651,-114.7439,Z117,403744.06
1959.2,4,2.5,29.9,33.1464,-118.7921,Z129,461466.75
877.1,1,3.0,8.4,39.3603,-120.3513,Z126,255960.27
1527.5,2,1.0,3.3,35.8585,-117.4494,Z109,413413.31
1145.2,2,2.0,1.2,41.872,-118.6183,Z106,329486.69
870.7,2,5.0,2.9,34.5559,-121.4685,Z101,263111.73
1391.5,2,1.0,34.2,34.2425,-122.1205,Z118,370969.95
1345.8,7,2.5,57.9,38.0881,-118.3025,Z126,455628.83
2713.4,3,1.0,5.1,35.1545,-122.5232,Z128,685300.65
1716.5,6,1.0,15.4,35.7347,-123.0387,Z121,493451.82
811.2,3,1.0,13.1,41.2497,-121.1569,Z121,276736.28
1217.6,4,2.5,31.0,32.7493,-115.4559,Z109,382054.75
2010.7,3,1.5,6.1,37.547,-124.1134,Z126,498412.24
2544.2,3,3.5,91.9,35.6815,-115.7507,Z124,632826.03
707.0,5,2.5,39.1,35.7869,-117.9798,Z111,230518.0
560.0,1,2.0,93.1,34.8542,-124.0761,Z126,108356.44
2435.5,4,2.5,9.7,33.7811,-118.1786,Z111,579481.87
1694.8,3,5.5,26.6,32.8276,-120.0268,Z114,411168.76
1065.9,1,4.0,39.5,41.8831,-115.6682,Z117,283594.43
1767.3,3,4.5,37.2,38.7735,-114.9744,Z122,463147.28
300.0,3,1.5,0.6,39.8835,-121.4918,Z100,244016.13
1501.7,3,1.0,120.0,33.1175,-116.2662,Z105,331517.52
1663.9,1,2.0,79.0,32.641,-121.2471,Z108,307919.51
1962.1,2,6.0,3.8,38.2027,-121.3958,Z123,594203.18
993.1,3,1.5,23.5,39.3764,-122.4773,Z105,331706.85
1542.8,2,1.0,11.3,36.2512,-117.3759,Z128,376997.07
1037.3,3,2.5,63.3,36.1837,-121.7523,Z105,278457.24
1627.7,1,1.0,35.9,36.1526,-119.619,Z105,397394.88
1052.3,6,1.5,7.6,33.9512,-115.9727,Z115,335231.0
1295.9,1,1.0,1.0,39.6622,-116.1849,Z114,256477.64
1002.1,2,1.0,10.3,34.5443,-115.5179,Z107,350747.6
1825.6,1,1.0,1.2,35.5819,-122.8088,Z128,459936.81
1929.2,1,2.0,4.6,38.877,-118.3376,Z101,391232.1
1382.7,4,6.0,30.3,32.501,-114.8942,Z110,440993.5
1519.1,2,1.0,41.0,39.7794,-124.0585,Z108,378163.75
775.7,2,6.0,18.9,41.0414,-116.1575,Z115,242754.43
1350.2,2,1.0,27.5,32.9904,-121.9145,Z125,342497.52
1474.9,6,2.5,5.1,38.1204,-117.4686,Z123,461497.09
2810.4,1,1.0,11.4,36.3804,-116.9672,Z101,537985.3
944.0,6,4.5,37.4,33.2454,-114.7814,Z129,309660.07
2232.1,3,3.5,13.6,38.9812,-119.1576,Z110,603865.86
1998.4,2,2.0,12.9,38.317,-115.5936,Z123,517218.48
1640.3,5,1.5,6.5,38.6053,-124.0242,Z116,475337.15
2379.3,6,3.5,27.1,40.2282,-120.0843,Z105,640864.64
1686.1,1,3.0,49.7,35.2257,-119.8851,Z105,398268.92
1694.6,2,2.0,19.0,38.9321,-118.8481,Z124,437249.29
1473.4,7,2.5,3.7,39.5615,-119.4459,Z108,433182.45
2111.8,8,3.5,54.7,34.1037,-114.3364,Z120,427599.1
2048.2,3,4.5,2.2,41.5921,-123.6753,Z100,494804.61
1187.2,4,3.5,19.1,35.7298,-121.7173,Z111,319036.59
840.4,5,3.5,9.1,39.2802,-114.3294,Z129,360562.67
1398.5,2,4.0,82.6,39.6632,-119.8243,Z110,387887.58
1100.0,1,3.0,40.1,37.2883,-118.5028,Z116,317880.73
1468.2,4,2.5,25.1,33.7228,-123.6492,Z106,373895.39
2118.7,1,2.0,33.1,35.1188,-121.5175,Z126,513265.63
1271.3,4,3.5,22.8,34.7253,-124.0837,Z126,373843.74
1478.6,5,2.5,4.8,37.4271,-123.0562,Z103,466560.26
1529.0,3,1.5,37.0,34.9821,-117.8502,Z108,408711.03
1924.2,2,2.0,20.4,37.6943,-116.482,Z118,489501.86
376.6,2,1.0,30.2,35.238,-115.3641,Z114,94111.83
1196.6,1,1.0,1.4,32.5093,-121.8596,Z105,368857.03
1605.6,6,1.5,4.6,35.9509,-121.0049,Z124,551623.22
2100.0,4,1.5,26.7,38.2651,-118.5213,Z103,540085.69
1254.0,2,2.0,18.5,39.8501,-123.6213,Z104,310513.27
561.7,3,5.5,7.7,32.7695,-116.0295,Z120,213536.59
1809.9,4,1.5,8.3,34.954,-119.4254,Z112,469506.08
1182.3,5,2.5,30.0,41.8619,-114.3622,Z104,335537.23
905.2,1,1.0,1.8,34.9872,-123.2682,Z101,153598.98
1187.8,1,4.0,17.1,39.8834,-123.1005,Z110,378448.69
1407.7,5,1.0,22.2,37.339,-120.8399,Z117,437639.88
1197.6,1,1.0,11.1,33.6607,-122.329,Z114,204538.01
397.2,4,3.5,51.5,38.6123,-117.1858,Z116,101568.77
1948.5,4,1.5,1.8,41.6802,-114.5585,Z129,434487.2
2137.4,5,1.5,60.2,40.9249,-123.556,Z128,562057.39
1825.8,2,2.0,38.5,39.0578,-121.9565,Z116,352473.92
931.2,3,1.0,17.7,37.3654,-122.0021,Z119,348429.23
1399.3,3,1.5,77.5,35.5337,-119.1547,Z118,341326.93
1496.7,4,3.5,36.3,35.8912,-119.7537,Z119,471456.19
1799.4,4,3.5,80.2,35.789,-116.8679,Z115,433715.68
1834.2,2,3.0,19.2,41.2598,-116.8074,Z110,463278.88
1132.9,1,1.0,18.1,34.5075,-118.4861,Z127,354216.46
1541.0,3,3.5,22.7,36.0913,-118.2943,Z127,475959.93
1728.6,6,1.0,2.0,36.6037,-115.6557,Z121,455981.87
2227.9,4,3.5,71.7,36.3846,-120.3322,Z126,594371.55
1852.3,2,3.0,33.1,32.5399,-124.3704,Z116,460108.49
1894.5,5,1.5,28.8,35.0742,-122.2632,Z107,453409.31
1541.9,1,1.0,78.3,37.2364,-124.1287,Z107,395039.01
2205.2,3,4.5,120.0,39.7247,-120.3683,Z122,501952.63
1704.9,5,1.0,5.4,37.91,-120.7427,Z111,347832.75
1069.5,6,4.5,41.5,36.1562,-123.4644,Z114,309041.98
2201.7,2,1.0,26.0,38.8188,-116.5722,Z126,550885.58
1849.0,4,3.5,18.5,38.826,-118.6929,Z126,556514.11
1278.5,5,1.5,114.0,34.8553,-122.1301,Z103,394364.77
1260.3,1,2.0,57.0,33.4859,-116.5292,Z107,411746.66
1648.3,4,1.5,35.8,40.1302,-117.4867,Z124,456421.06
1731.6,4,1.5,14.5,37.5329,-122.4883,Z114,370830.11
1598.6,7,2.5,32.9,34.177,-114.1797,Z104,413252.57
1655.7,3,2.5,22.8,34.9897,-122.637,Z121,486498.39
2350.0,4,1.5,8.6,39.781,-116.3971,Z109,635817.38
2035.8,3,1.5,18.0,38.7061,-114.333,Z123,552933.89
1595.3,3,4.5,7.2,41.4791,-116.8822,Z120,435985.66
1970.7,1,1.0,20.8,36.917,-117.5093,Z127,514014.36
983.7,1,2.0,38.2,32.9958,-115.0151,Z119,296240.1
1699.0,8,2.5,1.1,39.154,-121.6741,Z123,514642.94
2404.7,5,1.0,43.5,34.9217,-121.5899,Z129,618567.79
1391.0,1,2.0,0.6,35.5766,-117.7678,Z118,401216.79
1076.2,3,1.0,21.8,34.3682,-115.2376,Z114,180686.74
1174.0,1,1.0,25.6,35.4349,-118.0176,Z105,320700.98
955.2,1,2.0,43.0,40.3801,-114.241,Z108,271822.66
1107.6,1,3.0,42.9,37.9788,-122.1595,Z105,265424.57
1314.7,2,1.0,16.2,33.537,-115.8283,Z129,313365.9
797.2,1,1.0,2.1,38.0727,-114.7637,Z108,212152.35
1507.8,3,2.5,35.5,38.5189,-120.0165,Z107,493255.3
1951.1,2,1.0,21.5,40.9058,-114.3992,Z115,449371.94
1046.1,8,3.5,12.2,40.6666,-122.3774,Z127,391234.88
2259.6,2,1.0,8.0,33.0973,-114.4952,Z124,564871.97
1755.4,5,3.5,3.8,40.7336,-115.0205,Z109,515237.46
2015.3,3,4.5,10.5,32.9834,-123.8055,Z129,483205.48
1171.1,2,3.0,18.4,33.9642,-119.026,Z108,309786.88
1927.3,3,1.5,19.5,33.5597,-118.9472,Z107,520113.11
954.0,3,3.5,26.2,34.2261,-123.9018,Z124,358495.44
1945.1,3,1.5,13.5,40.131,-124.0849,Z113,457830.57
1585.9,2,1.0,75.7,39.0181,-124.4465,Z122,360538.94
1776.6,5,1.5,20.5,39.0261,-118.9927,Z106,522637.25
912.2,3,3.5,16.5,41.2602,-119.6299,Z110,366383.24
1052.5,2,1.0,1.5,36.2226,-114.6252,Z119,295466.28
1798.6,3,2.5,27.4,32.5312,-120.9058,Z115,528282.07
1025.8,4,1.0,27.7,38.5778,-117.5886,Z116,214163.21
1731.6,4,3.5,26.3,40.7467,-124.4206,Z122,377869.37
816.4,2,5.0,65.6,41.7745,-117.5328,Z107,302183.26
1924.1,4,2.5,43.2,35.957,-114.9087,Z111,386296.11
883.7,5,1.5,60.6,40.3104,-120.7749,Z124,266048.89
1776.1,3,3.5,1.8,40.5677,-121.2024,Z116,464776.3
1812.8,2,2.0,11.5,33.8722,-117.9267,Z124,523276.31
1151.6,2,2.0,11.5,38.4992,-121.0502,Z114,290090.42
1791.0,2,2.0,32.1,34.1448,-120.2746,Z106,488183.82
1630.2,2,3.0,17.9,36.743,-121.6323,Z122,428266.61
1230.6,4,4.5,45.1,40.853,-120.8787,Z118,324384.1
995.7,2,1.0,14.6,39.9999,-117.3662,Z116,282466.72
518.7,3,1.5,7.5,37.9182,-114.8151,Z122,179162.87
1674.8,2,3.0,10.3,40.1827,-118.3773,Z112,383077.02
717.6,4,1.0,6.0,33.9519,-124.3946,Z125,211463.23
1547.7,6,3.5,6.6,34.3517,-121.7291,Z107,486444.92
1368.3,5,1.5,7.3,34.4842,-114.5015,Z121,436921.91
1839.6,4,1.0,0.5,39.8721,-114.9416,Z113,529022.37
1349.0,3,1.5,37.8,40.9642,-123.2857,Z122,329334.96
1335.3,5,1.0,15.3,37.8469,-114.9616,Z124,432589.21
1865.9,1,1.0,0.7,41.6007,-114.3724,Z107,438544.31
1667.5,4,2.5,13.9,39.4163,-121.092,Z113,442787.95
1658.1,2,2.0,70.7,37.855,-117.1394,Z104,450881.02
1734.6,3,1.5,21.5,38.3101,-118.6202,Z111,453884.77
732.2,4,1.0,120.0,40.5706,-120.961,Z126,218118.45
1878.4,6,4.5,23.3,33.3567,-122.89,Z119,572204.32
1806.2,4,1.5,98.7,34.0962,-120.6473,Z110,452759.14
991.7,2,3.0,6.8,35.0298,-114.7581,Z103,317113.83
1378.0,3,1.5,10.3,41.0004,-115.9819,Z119,392242.47
1480.3,1,1.0,36.1,41.477,-121.0279,Z101,284652.49
1432.8,5,1.0,120.0,35.8836,-118.7494,Z109,407367.6
1666.9,4,1.5,52.3,41.2766,-120.2374,Z109,507790.32
2215.7,2,2.0,24.2,37.6951,-119.6045,Z106,555319.37
2040.9,4,1.5,2.7,36.9961,-116.5073,Z123,520280.9
843.9,2,2.0,13.6,40.4113,-118.7984,Z111,198769.18
1811.0,3,2.5,2.7,37.6878,-122.599,Z122,360506.97
2164.5,2,2.0,11.2,36.8176,-121.6751,Z115,423564.01
1693.4,1,1.0,9.0,32.6517,-118.5382,Z129,478359.57
2045.5,1,3.0,14.8,32.6225,-117.2254,Z126,510214.6
2506.1,3,1.5,54.5,38.4621,-119.1647,Z109,576039.62
2011.9,3,2.5,4.9,33.1975,-117.9878,Z107,510131.57
1624.7,7,1.0,11.0,39.501,-116.2115,Z126,489003.91
2022.5,3,5.5,9.1,38.4122,-118.7734,Z126,555458.81
1572.4,2,3.0,10.5,36.8484,-114.2395,Z124,438282.49
1512.0,3,6.0,13.4,39.2431,-122.0265,Z107,416089.79
1324.3,5,1.5,8.4,41.9342,-114.8433,Z104,372185.72
2281.7,4,1.5,85.7,34.8404,-121.8996,Z103,598095.01
1090.8,4,1.5,16.3,37.792,-118.9177,Z120,280394.12
2266.2,1,1.0,3.6,40.5071,-119.713,Z111,525213.96
1749.9,4,4.5,18.9,32.6603,-120.5847,Z110,560287.71
800.3,8,1.0,6.1,34.4333,-114.3913,Z114,248358.03
1683.8,1,2.0,7.3,37.4491,-121.6408,Z112,399516.38
450.0,2,4.0,10.1,37.7463,-117.4139,Z100,241554.19
1812.8,2,3.0,4.0,33.3202,-116.0573,Z104,463662.73
1942.6,3,2.5,38.3,36.3706,-122.4314,Z105,515588.03
1203.8,4,1.5,47.1,37.438,-114.2819,Z112,344348.65
1561.8,6,2.5,15.0,36.5183,-118.7603,Z124,489018.23
2477.1,8,2.5,35.0,39.1557,-114.8978,Z124,659961.28
1247.1,2,1.0,14.8,39.828,-117.5292,Z109,389547.76
970.5,6,2.5,5.4,36.8725,-117.681,Z129,353180.69
2240.8,4,2.5,15.2,36.5438,-120.8713,Z111,521026.11
2481.3,8,1.0,24.4,39.201,-116.4088,Z102,712531.03
1501.8,1,1.0,1.3,37.7754,-124.1872,Z128,328124.82
2005.7,1,5.0,31.9,40.7692,-118.6639,Z128,512078.33
2170.7,6,1.5,40.7,37.0709,-124.1625,Z110,599940.78
1128.8,2,6.0,59.0,37.9561,-121.2778,Z123,354134.47
1257.3,3,1.5,3.3,33.7236,-123.4889,Z123,445252.78
2115.4,1,4.0,0.0,40.442,-114.9283,Z124,526595.23
2342.5,3,2.5,2.3,36.5118,-117.9033,Z114,589621.99
1781.4,1,1.0,77.4,39.3311,-117.4806,Z116,365979.79
1060.1,2,4.0,43.5,36.5801,-115.5632,Z104,276257.35
2493.5,4,2.5,54.1,32.5096,-116.8032,Z104,585593.52
1234.5,6,2.5,21.8,36.3039,-123.1959,Z122,350756.0
1332.4,2,1.0,22.4,33.9013,-118.0158,Z110,332788.2
1671.2,2,1.0,10.6,36.2868,-114.2292,Z107,468054.56
2277.1,2,1.0,55.5,35.5528,-122.2518,Z110,562191.81
1927.0,4,3.5,53.1,34.4242,-117.993,Z122,450047.71
1707.4,3,2.5,14.9,33.6758,-118.582,Z121,371748.71
1731.6,6,4.5,12.0,39.4213,-120.3877,Z119,457360.39
1521.8,3,1.0,40.2,39.6712,-114.4763,Z114,283676.35
1779.1,2,1.0,0.8,35.0175,-120.7578,Z108,418678.38
300.0,2,3.0,59.0,37.2043,-123.5164,Z117,153562.77
1351.7,5,1.5,17.7,36.9087,-114.3933,Z105,353822.09
1620.7,3,4.5,17.5,35.8749,-116.8432,Z125,469421.44
924.5,7,3.5,33.2,35.1376,-120.9043,Z105,289344.04
1693.2,2,3.0,31.1,34.2673,-121.5546,Z110,453645.63
1397.8,4,1.5,9.3,40.7925,-114.7557,Z119,395785.66
2377.7,2,5.0,86.1,40.4165,-121.6277,Z128,576385.38
2286.5,2,1.0,120.0,36.4632,-118.8598,Z102,526423.34
1267.1,2,1.0,22.4,39.3514,-122.243,Z110,368043.09
1424.6,4,2.5,24.7,37.2342,-114.0502,Z129,416487.15
1463.0,3,1.0,24.2,33.3111,-116.4202,Z102,426285.62
1274.2,6,1.5,20.0,40.3127,-118.5398,Z117,354489.29
1597.5,4,1.5,87.1,34.5831,-116.6688,Z102,435804.74
1120.9,2,1.0,8.4,39.2148,-114.8781,Z119,299075.35
934.7,2,5.0,3.4,37.5103,-114.3872,Z109,306297.0
1811.4,4,4.5,79.6,39.0601,-116.2468,Z103,505896.79
1814.8,5,1.0,7.2,36.9764,-115.5848,Z129,476294.85
1097.8,1,1.0,41.5,39.1743,-120.3232,Z125,241504.94
1947.7,1,2.0,6.8,32.8117,-120.3859,Z129,376221.93
1184.2,4,3.5,96.7,32.8881,-116.0129,Z122,307555.75
1626.6,3,3.5,47.0,41.0152,-116.5239,Z103,417677.68
1910.2,3,4.5,75.3,39.6221,-115.0397,Z124,546862.44
1483.2,2,4.0,90.5,40.3704,-123.1034,Z123,426008.16
1727.4,4,2.5,2.6,36.8376,-117.2465,Z100,518977.75
1241.8,4,1.5,17.0,36.8666,-117.6997,Z125,305905.73
1401.8,4,5.5,31.3,37.573,-116.1155,Z116,421110.11
1397.1,2,1.0,48.7,34.8148,-124.2422,Z128,334912.88
1126.7,5,6.0,8.3,39.4683,-115.8243,Z105,404208.59
1411.6,6,3.5,73.8,40.3798,-121.0725,Z103,472099.97
725.7,1,1.0,7.5,41.1186,-117.2852,Z125,159807.04
1254.4,4,1.5,60.3,37.4118,-118.0261,Z121,319749.96
1357.6,4,2.5,21.6,36.4385,-119.8779,Z108,420282.64
1371.9,4,4.5,21.7,40.3939,-116.6667,Z109,364705.71
1379.3,6,1.5,14.1,39.6503,-114.4072,Z104,397634.15
1469.1,3,1.5,3.3,40.7391,-121.1035,Z107,387272.35
1739.7,3,4.5,12.8,38.7294,-116.6414,Z117,478972.58
1937.3,5,1.0,16.7,40.8915,-121.1974,Z123,513093.93
1175.1,2,1.0,19.6,33.3459,-115.6206,Z107,348775.06
898.4,1,3.0,40.3,38.9558,-119.9086,Z117,272014.98
979.0,2,2.0,13.0,33.3436,-119.7827,Z106,382991.21
1256.4,4,1.0,15.7,39.6146,-116.3953,Z107,385732.02
1324.0,3,1.5,71.0,38.4702,-119.2902,Z106,396172.2
1115.0,1,2.0,41.9,32.6519,-121.7002,Z121,306677.15
851.9,5,1.5,0.7,38.193,-114.0469,Z118,384079.23
1271.9,1,1.0,50.2,33.8897,-117.9876,Z110,408386.93
1590.7,5,1.5,120.0,33.8529,-117.7259,Z110,440065.35
1797.5,2,3.0,84.3,33.9294,-117.7109,Z102,485632.74
1221.3,1,1.0,54.2,37.0963,-115.2247,Z123,371213.34
1293.5,4,3.5,29.8,33.5974,-122.5693,Z119,370724.48
1036.7,2,3.0,9.8,33.6937,-123.8789,Z112,278685.14
1484.3,3,2.5,31.9,34.9336,-120.4396,Z125,440714.38
1075.8,2,1.0,35.7,32.5082,-118.5685,Z123,261297.34
1786.6,1,4.0,9.9,35.12,-121.5,Z129,470591.0
607.1,3,1.5,8.8,38.3749,-117.2633,Z128,252481.1
1320.2,4,3.5,15.2,38.2149,-123.7239,Z109,380416.87
1650.6,2,1.0,30.7,41.7106,-116.1976,Z105,448431.95
1591.9,3,3.5,10.4,33.6365,-116.9601,Z102,470370.85
2846.5,4,2.5,24.3,40.7229,-122.2536,Z127,686937.58
1674.9,6,2.5,68.8,36.2163,-121.3662,Z109,422872.7
998.0,2,3.0,10.5,36.1768,-116.0265,Z101,256868.68
1452.3,5,1.0,101.4,35.8137,-116.38,Z100,372559.38
611.9,2,2.0,19.2,33.685,-115.9555,Z111,153000.04
1459.7,4,3.5,3.2,37.0458,-121.1165,Z103,433308.13
1083.5,2,2.0,1.7,39.9801,-114.3195,Z123,378069.42
1957.7,1,4.0,12.4,40.8166,-116.9889,Z119,455572.22
1225.2,7,5.5,9.0,41.6472,-123.8154,Z123,387261.76
1441.6,3,3.5,55.7,39.9603,-119.4838,Z128,379697.69
1182.2,6,1.0,40.1,38.4194,-117.5223,Z123,479510.53
2369.4,6,1.0,64.8,37.2266,-122.7292,Z110,551567.26
1339.4,7,1.5,26.7,40.8115,-115.0314,Z100,347672.98
2416.3,3,3.5,17.2,39.5254,-116.5819,Z128,653598.15
1907.1,4,1.5,9.5,34.032,-123.645,Z115,462652.92
1741.0,4,1.5,26.2,38.9842,-114.9114,Z105,416234.15
1684.4,1,3.0,28.9,36.5949,-120.2541,Z126,469615.76
1696.9,8,3.5,15.0,38.1601,-119.7491,Z114,485741.18
536.2,2,1.0,82.7,41.0344,-116.2774,Z109,226180.32
1360.6,1,2.0,30.6,38.6994,-117.738,Z123,394158.8
1922.6,3,2.5,54.5,41.4179,-119.9059,Z107,483653.46
1475.6,3,3.5,29.1,40.7305,-121.7739,Z116,402384.88
797.4,3,1.5,11.4,33.7246,-119.0726,Z123,296971.14
1473.8,2,1.0,40.0,32.6107,-118.4186,Z112,404814.94
2352.1,3,1.5,7.9,36.1519,-117.8752,Z108,606186.82
2123.4,4,1.5,27.2,40.7206,-118.1468,Z126,523657.43
1469.0,1,4.0,15.4,34.6862,-118.0183,Z129,447480.72
1975.7,1,2.0,4.9,39.0683,-119.5048,Z105,460403.08
1316.7,3,2.5,16.0,37.022,-118.6002,Z128,321037.16
648.1,4,4.5,11.1,39.5877,-121.4693,Z122,302843.12
1037.8,3,2.5,3.6,34.0673,-122.8371,Z121,360528.11
2281.4,1,1.0,52.1,34.7714,-118.1272,Z120,405926.77
1363.0,6,1.5,20.7,34.804,-124.0065,Z116,351342.14
1378.3,6,6.0,12.8,37.7104,-123.8153,Z101,381724.81
1350.1,1,1.0,21.1,35.2514,-121.9032,Z125,322662.41
2452.1,3,3.5,42.1,40.2114,-122.4596,Z117,631959.26
2313.0,2,4.0,0.6,35.7945,-120.5718,Z126,597067.91
2609.4,3,4.5,23.7,38.7781,-120.6015,Z124,630701.13
1420.5,3,2.5,19.6,41.5108,-123.273,Z115,418520.71
1647.8,4,2.5,67.1,38.2658,-121.9117,Z105,408281.49
741.7,3,2.5,24.4,34.8005,-124.452,Z102,366049.75
2238.5,4,4.5,4.4,40.3893,-120.8149,Z102,609936.52
916.1,4,2.5,14.8,32.6192,-116.1374,Z113,346439.52
1608.4,3,1.5,29.1,34.9371,-121.7053,Z109,517957.51
951.3,2,2.0,1.4,36.1812,-117.7448,Z109,278887.15
1205.6,4,2.5,64.8,34.3618,-123.4683,Z101,346583.22
1081.4,3,2.5,2.1,38.2382,-124.371,Z106,328849.82
1196.1,4,1.0,0.9,37.801,-119.2668,Z113,369279.09
1230.4,2,1.0,0.1,36.3617,-119.6544,Z116,235877.82
1225.9,3,6.0,34.5,35.2966,-122.489,Z116,322175.38
1916.7,3,1.5,18.3,36.6221,-121.4909,Z129,525743.04
947.6,4,3.5,3.3,35.2664,-124.178,Z109,370030.74
1610.3,2,1.0,58.2,34.602,-116.1231,Z102,403648.56
2109.0,4,3.5,6.8,35.8371,-121.3365,Z116,526418.31
1243.4,2,5.0,11.9,38.2222,-122.1957,Z112,372765.73
1141.0,3,1.5,5.9,38.6597,-116.0511,Z126,391290.86
1384.7,4,1.5,78.4,35.3248,-124.0876,Z129,370644.08
2089.9,4,3.5,42.6,41.5003,-121.5125,Z115,563811.22
1597.1,4,3.5,38.6,34.9886,-121.7411,Z102,450516.84
1234.4,2,3.0,1.3,39.2653,-121.7388,Z114,246063.65
1741.9,1,1.0,22.2,33.2741,-124.3793,Z127,411736.84
948.9,3,2.5,25.7,38.816,-114.6859,Z124,282123.89
1840.7,2,4.0,14.5,36.8695,-115.4265,Z106,423267.3
1704.3,3,3.5,11.6,37.9065,-120.1478,Z112,390862.93
1346.1,1,4.0,57.3,34.2487,-119.8229,Z124,324626.05
1080.7,3,4.5,0.7,36.6189,-118.9964,Z106,316770.86
1056.7,3,2.5,29.5,39.7796,-119.4777,Z110,276948.14
1767.4,2,1.0,15.0,39.7873,-116.3191,Z113,517502.04
2114.5,1,2.0,32.9,34.7568,-119.3716,Z124,547934.13
1181.3,5,2.5,6.6,35.8497,-122.5173,Z110,384048.61
1729.2,4,1.5,8.2,32.5362,-123.2718,Z128,468074.67
456.5,2,2.0,26.5,33.3546,-114.8581,Z118,182739.12
1207.7,2,6.0,117.3,33.7039,-123.992,Z106,338130.18
1484.5,2,2.0,110.3,35.2897,-115.0756,Z121,407925.39
1045.2,2,3.0,8.6,39.7106,-117.25,Z101,293765.09
1031.7,5,2.5,3.2,37.3474,-120.2506,Z121,308331.89
1166.1,6,1.5,26.8,40.0298,-122.5346,Z102,424591.17
1646.1,3,1.5,16.3,39.6716,-121.2399,Z101,419672.22
1406.3,3,1.5,43.0,38.0778,-118.9363,Z120,372562.35
380.9,1,2.0,22.5,37.2487,-117.6031,Z104,139565.55
439.6,2,2.0,21.4,41.3475,-117.2395,Z126,210211.89
1196.6,4,1.5,31.2,37.9081,-119.8034,Z117,303335.97
1728.8,3,4.5,4.1,37.0868,-120.5733,Z115,484584.33
300.0,2,1.0,33.9,40.7566,-116.4327,Z102,112022.3
1250.1,3,1.5,20.1,33.1787,-114.7832,Z123,386679.35
1236.9,1,4.0,51.5,38.7323,-114.8981,Z114,221880.67
2194.2,2,2.0,4.5,33.5738,-118.708,Z120,473762.86
1307.5,1,2.0,10.7,40.2883,-123.6703,Z123,421101.16
1691.5,3,2.5,90.0,40.0303,-123.7305,Z125,376670.69
1570.6,4,4.5,24.2,37.2842,-120.2711,Z119,441266.39
434.7,5,3.5,79.5,38.7799,-116.805,Z119,201124.5
1884.1,1,4.0,35.0,39.8399,-119.2779,Z112,414843.57
1607.7,6,3.5,78.3,37.0914,-117.9127,Z105,434379.76
1754.1,1,1.0,11.5,41.1066,-115.6451,Z125,431312.1
3463.1,1,1.0,2.8,36.6518,-124.0765,Z115,819571.73
457.9,1,4.0,48.6,40.9742,-114.7999,Z110,244902.49
2362.3,2,1.0,49.0,38.0361,-121.0256,Z129,561046.56
1356.3,5,1.0,28.9,36.5493,-124.0087,Z113,386303.96
1643.7,3,1.0,26.0,32.5389,-115.728,Z114,344002.93
1477.2,3,4.5,73.9,35.3078,-114.6914,Z120,382363.58
1287.9,5,1.5,5.8,40.7453,-116.4295,Z104,368038.6
1215.1,4,1.5,28.8,36.5728,-116.0526,Z124,377390.97
1664.8,2,2.0,1.5,36.504,-115.3513,Z105,410384.04
741.4,1,3.0,4.6,37.1494,-119.0152,Z129,237059.94
1875.3,2,3.0,17.2,35.2199,-117.3551,Z114,437840.74
1291.9,4,2.5,51.6,37.1697,-121.4923,Z118,362898.78
935.0,2,3.0,39.6,36.0697,-121.8781,Z110,354340.28
1275.0,3,1.0,109.6,41.1397,-118.1061,Z119,278115.05
2128.6,4,1.5,1.4,37.8577,-116.7866,Z124,522423.96
1232.3,5,2.5,14.4,40.4244,-120.33,Z105,334092.21
1679.2,1,2.0,5.2,39.0253,-120.2969,Z110,436636.7
1134.5,5,2.5,1.1,34.5197,-114.4805,Z129,320724.16
1879.0,7,3.5,9.2,40.7428,-119.0562,Z107,541234.73
1842.8,3,4.5,8.4,33.3291,-114.144,Z126,549521.22
2424.3,3,1.5,16.3,36.7621,-115.4402,Z122,567731.75
1412.2,2,2.0,4.5,34.772,-117.7836,Z111,306374.32
1834.3,5,1.5,20.1,37.6068,-124.4041,Z116,476800.48
1549.0,2,5.0,75.8,35.3505,-121.3928,Z100,452765.36
2147.9,5,1.5,41.4,39.3668,-120.1147,Z109,488709.63
1140.6,2,2.0,55.4,41.4007,-117.6454,Z113,298115.22
1872.5,1,1.0,49.0,39.2364,-120.347,Z106,491711.2
1402.7,3,2.5,14.8,35.8754,-115.8078,Z128,408813.42
1467.9,3,1.0,37.0,38.2007,-117.5395,Z117,370985.17
1545.9,2,3.0,42.1,40.941,-120.8548,Z108,340917.86
1626.1,5,3.5,6.9,35.0653,-116.2634,Z129,464834.9
1441.9,2,1.0,59.0,33.6229,-121.3176,Z127,322051.51
1607.4,8,4.5,18.4,33.7423,-123.8407,Z115,472846.95
2289.1,4,3.5,0.5,37.2011,-122.6882,Z109,677669.79
1992.7,6,1.5,30.9,39.4553,-124.4712,Z111,515479.33
1934.6,4,1.5,33.9,38.7439,-115.7603,Z108,471405.64
1272.2,1,2.0,24.1,36.812,-117.9154,Z113,323652.35
1055.4,6,3.5,7.2,39.4283,-118.509,Z127,439233.85
1977.7,5,4.5,19.7,38.5227,-117.5485,Z101,509389.61
1938.0,8,4.5,15.3,38.4682,-117.6372,Z124,552038.11
2236.3,2,6.0,110.3,34.4226,-118.5623,Z124,603476.54
1198.0,2,3.0,52.2,35.4695,-115.6547,Z109,353075.15
1385.2,5,1.5,43.1,35.772,-119.8701,Z121,415272.85
680.3,4,1.5,6.0,40.1778,-116.0495,Z120,152458.04
1303.8,4,3.5,12.1,39.8635,-116.2403,Z109,386654.33
1998.3,5,2.5,14.3,34.9004,-122.4052,Z101,529755.66
1266.8,3,3.5,20.4,33.0239,-119.7355,Z105,359200.66
1820.2,3,1.5,0.9,39.7939,-115.7332,Z110,490763.69
1404.7,6,3.5,27.0,36.3937,-115.776,Z108,351399.21
1662.0,2,1.0,13.3,34.5881,-124.2479,Z102,472852.57
926.2,3,1.5,24.7,33.6117,-122.158,Z118,287914.12
1542.6,3,4.5,0.3,32.6217,-120.0493,Z110,471366.16
300.0,2,2.0,11.6,36.5634,-124.0049,Z103,237432.52
1406.6,1,1.0,43.9,35.7278,-121.7634,Z114,372086.68
684.8,1,1.0,20.9,39.1165,-121.7879,Z125,180226.91
2103.0,2,3.0,46.7,41.7783,-122.247,Z126,525953.88
1888.7,2,1.0,36.0,34.4644,-120.3351,Z111,441964.15
1733.3,1,1.0,57.9,34.8088,-115.9634,Z103,412332.24
2260.5,1,1.0,0.2,35.7044,-121.9368,Z114,526678.34
1025.5,2,4.0,9.1,36.9264,-118.3883,Z116,315004.75
2373.7,8,4.5,23.9,39.1281,-118.6454,Z117,631207.27
1966.1,4,4.5,84.9,35.8443,-115.9118,Z121,505427.4
1381.7,3,1.5,34.2,33.4899,-120.363,Z104,347162.21
2067.8,4,2.5,18.3,39.4382,-122.1525,Z109,571687.76
946.9,4,2.5,4.2,40.0491,-115.139,Z119,334957.19
1087.7,1,1.0,20.4,34.8527,-115.7541,Z125,231931.9
1195.7,6,2.5,17.5,33.7992,-117.9742,Z108,403455.55
1235.5,2,3.0,45.2,37.5141,-123.521,Z117,306275.54
971.7,1,1.0,16.0,34.479,-124.3308,Z111,228457.55
2111.5,7,3.5,11.5,36.0546,-122.5824,Z107,660105.37
1370.6,3,1.0,2.8,39.8849,-122.4353,Z127,400545.16
1676.3,3,1.5,1.4,34.5863,-123.0694,Z110,426830.84
1214.8,5,2.5,17.3,40.1595,-121.7471,Z103,385702.79
589.7,2,1.0,12.8,38.9032,-120.9522,Z108,228065.4
1635.0,2,3.0,24.3,34.5874,-116.5784,Z103,415811.53
543.9,1,1.0,37.3,37.5008,-117.05,Z117,66196.42
1465.7,3,5.5,1.2,38.3337,-123.404,Z113,410592.92
815.8,2,1.0,20.6,34.4026,-114.2404,Z113,272613.01
2493.6,8,1.0,59.4,33.877,-116.6025,Z121,689120.37
1955.7,1,1.0,18.2,37.5461,-122.784,Z128,481525.68
1552.9,5,3.5,22.1,39.0915,-123.1928,Z127,457917.81
2131.9,1,1.0,20.0,36.9182,-123.5808,Z129,431311.85
1076.8,4,5.5,14.8,33.1654,-116.8162,Z124,339720.67
1771.7,2,1.0,3.5,41.2895,-122.019,Z122,340575.18
1599.9,4,1.0,4.1,39.1022,-123.7338,Z100,499377.53
1632.0,4,1.5,5.9,38.4014,-120.0708,Z129,385210.68
2136.2,3,2.5,47.2,38.6145,-117.0587,Z108,467268.77
1866.2,2,4.0,9.7,36.2868,-121.3022,Z105,429017.92
1644.4,1,1.0,88.8,41.8518,-119.4322,Z124,383224.67
672.6,2,3.0,49.8,33.7605,-122.4769,Z117,197678.2
1020.0,1,3.0,34.6,39.5218,-119.9939,Z110,361625.27
1438.6,2,1.0,38.2,36.4983,-120.7311,Z106,391729.72
1546.7,1,1.0,1.5,40.8704,-119.9439,Z123,380240.27
934.9,1,1.0,25.2,39.314,-119.61,Z107,333366.81
2705.8,3,3.5,84.9,37.8414,-123.5309,Z120,609715.54
2258.2,1,1.0,1.2,41.4081,-123.5196,Z122,501288.34
1801.1,3,1.0,10.3,41.1682,-121.7636,Z129,427027.47
1536.0,2,1.0,1.6,32.9972,-123.2845,Z122,332989.47
1393.9,3,3.5,25.3,34.3296,-121.8458,Z102,435236.86
1024.0,2,2.0,3.7,38.9224,-124.2423,Z110,325763.32
1538.7,4,1.5,19.6,41.2575,-120.8172,Z110,382456.25
1628.9,1,1.0,38.2,36.5881,-122.2592,Z101,359878.16
879.1,3,1.0,5.4,32.8639,-115.1325,Z114,262188.84
1667.1,3,2.5,42.2,38.6113,-115.4893,Z114,474855.45
1422.4,4,2.5,1.9,34.3495,-121.3456,Z104,368685.52
546.1,4,1.5,4.9,37.7471,-119.5074,Z119,275003.66
1069.8,4,1.5,9.9,36.1545,-114.4642,Z107,341090.4
1293.2,3,1.0,47.7,37.8013,-118.997,Z115,343103.07
2443.8,4,2.5,56.9,41.3581,-115.5915,Z111,562250.19
1778.3,5,1.5,7.5,37.1151,-115.8231,Z113,543585.81
832.3,3,1.0,3.0,32.828,-114.6165,Z120,270246.91
1743.0,3,1.5,56.5,38.0187,-121.2901,Z112,440269.04
726.3,2,3.0,31.4,35.5946,-124.0438,Z108,180032.2
2041.3,3,3.5,5.2,39.8923,-123.4085,Z106,568894.73
1264.4,4,4.5,24.5,36.9643,-118.5014,Z126,472773.45
1453.2,2,1.0,61.8,39.543,-118.9321,Z116,358823.62
2162.9,7,1.5,2.2,41.1338,-121.3662,Z101,576440.61
856.4,4,2.5,2.6,35.9416,-121.8885,Z107,332172.58
801.4,2,3.0,9.6,41.8991,-117.0515,Z125,247079.31
1208.2,2,4.0,31.7,33.9232,-120.9247,Z112,344246.24
2019.2,1,3.0,5.9,38.6174,-118.1585,Z107,523383.46
740.3,2,2.0,50.8,32.8303,-117.0209,Z117,129458.84
300.0,3,6.0,41.6,34.524,-119.9801,Z112,217034.36
1274.4,6,2.5,24.7,38.5209,-122.4692,Z122,390251.73
1775.9,5,3.5,3.7,32.9388,-115.4618,Z107,444792.94
2100.1,3,1.5,120.0,33.467,-123.5179,Z115,379875.67
1268.4,2,1.0,20.2,35.2646,-115.7906,Z119,350516.53
1294.3,4,3.5,18.0,37.9686,-115.7149,Z102,426498.62
2077.0,2,1.0,120.0,32.6518,-118.5045,Z114,398648.66
565.1,3,2.5,59.8,37.0824,-117.8905,Z109,194216.69
1305.7,4,2.5,18.3,38.4446,-120.7408,Z124,380899.63
1595.2,1,2.0,16.3,36.324,-115.6634,Z117,358541.95
1724.6,8,5.5,3.0,33.1426,-121.7311,Z129,503810.46
1245.1,4,1.5,78.3,38.3033,-118.6224,Z118,316292.43
1517.2,3,1.0,55.7,38.2554,-124.4812,Z123,412004.03
300.0,3,2.5,11.1,37.3074,-114.6316,Z101,140627.75
1170.9,2,2.0,42.0,39.0849,-114.5429,Z120,219631.64
1726.8,2,1.0,43.2,34.4741,-117.0406,Z109,464801.2
1008.9,4,6.0,7.8,38.9461,-120.056,Z127,362692.92
1529.5,2,3.0,28.5,34.0338,-122.6246,Z115,361698.36
1723.4,2,2.0,8.8,36.2306,-119.3291,Z107,482223.14
1328.7,2,3.0,46.8,33.1419,-116.1902,Z106,368366.1
1585.2,3,1.5,5.0,40.2817,-118.1446,Z103,434484.97
1018.6,2,2.0,33.2,37.6132,-118.9613,Z125,260951.02
1396.7,3,3.5,11.8,41.725,-115.5808,Z108,374402.79
1805.1,3,3.5,1.1,41.4521,-121.2121,Z101,498668.56
1578.5,3,3.5,4.0,41.9863,-115.4704,Z128,431750.36
1206.7,3,1.0,31.9,33.462,-119.8857,Z115,298098.5
1612.1,4,2.5,8.2,38.2625,-124.4747,Z128,480160.35
1857.3,6,3.5,29.9,36.372,-116.8146,Z106,540472.54
475.0,2,1.0,16.1,37.5603,-115.2826,Z122,99364.61
2079.5,3,2.5,35.4,35.4333,-119.4142,Z114,480067.35
1331.9,5,1.5,20.4,32.9567,-119.7251,Z122,331884.93
1712.7,1,2.0,11.1,39.2236,-116.0428,Z122,431858.01
2098.6,4,2.5,4.7,41.6753,-115.2099,Z104,430771.36
814.2,3,3.5,12.5,37.5576,-114.2686,Z100,298941.09
1145.3,6,1.5,30.2,35.631,-120.8707,Z119,420458.05
1355.7,3,1.5,40.5,41.4136,-118.2558,Z104,320824.64
1108.1,1,1.0,5.2,35.9643,-115.8594,Z112,273830.86
2367.5,4,2.5,32.7,41.188,-118.9156,Z125,555062.29
1071.6,3,2.5,5.9,40.6291,-119.6505,Z119,336206.03
1222.2,2,1.0,7.5,37.5228,-118.4947,Z112,256672.65
1602.2,4,1.0,22.7,38.9303,-120.7529,Z122,350788.77
898.9,6,1.0,10.2,39.153,-122.4832,Z128,261950.38
1302.2,3,3.5,32.5,38.5904,-123.8004,Z117,386989.6
1658.7,6,5.5,93.6,34.0271,-118.0952,Z101,380690.94
1333.6,5,2.5,4.8,39.0814,-120.5191,Z126,394834.5
1453.3,2,4.0,25.4,32.5306,-115.229,Z117,292262.66
1235.3,4,2.5,77.0,39.2453,-122.1589,Z109,427765.73
742.8,1,1.0,5.8,37.7709,-121.2375,Z102,228583.93
1660.8,4,1.5,13.7,34.9677,-114.3097,Z120,345422.18
2377.5,1,2.0,4.0,40.1358,-118.6589,Z129,519966.88
1509.2,2,1.0,30.8,36.3501,-120.8591,Z109,369204.4
1612.6,5,1.5,33.2,37.1149,-115.4606,Z108,446394.13
1846.4,1,2.0,32.7,32.7629,-116.6946,Z102,457249.7
865.3,4,3.5,23.4,36.3125,-118.482,Z121,260039.83
2351.3,1,2.0,41.1,34.0899,-115.1645,Z105,597028.3
1601.2,3,2.5,1.1,35.1234,-123.5134,Z110,481297.53
2315.9,2,1.0,94.8,34.8953,-120.3578,Z105,487468.83
1133.5,4,2.5,7.5,32.9372,-115.9892,Z104,332835.61
2409.0,3,1.0,3.9,36.8747,-120.4476,Z129,509201.76
1887.6,5,2.5,85.0,37.4646,-114.7693,Z113,421315.82
1776.5,6,6.0,53.2,37.9251,-122.8985,Z101,432709.92
1617.0,4,1.0,43.4,36.8911,-120.9653,Z100,481604.23
1375.7,5,1.5,3.3,40.7605,-120.0297,Z104,430648.09
2100.3,7,2.5,49.4,32.858,-117.2869,Z107,545712.59
1570.2,2,2.0,28.2,38.3312,-122.4488,Z109,427297.49
516.5,4,1.5,39.5,40.7283,-124.3964,Z120,232114.03
941.4,6,6.0,114.6,32.8899,-114.2467,Z129,333355.25
1407.1,3,1.0,6.5,37.2149,-115.0631,Z118,377255.5
1655.0,7,1.5,21.1,38.0958,-121.3477,Z102,527136.69
1471.7,6,1.5,42.0,34.3136,-119.4235,Z117,415537.65
2109.5,3,3.5,17.1,34.8988,-119.3663,Z106,528533.91
524.4,1,1.0,1.7,39.9631,-115.3731,Z112,65418.21
1571.8,2,4.0,3.5,37.8903,-118.2309,Z113,402950.4
591.0,4,1.5,27.6,35.4999,-115.8225,Z117,177470.1
1879.9,4,2.5,10.1,39.7652,-114.9241,Z121,454974.27
1452.8,5,1.5,4.4,39.5938,-118.5575,Z111,358895.59
1709.8,4,1.0,12.5,35.7813,-121.5024,Z107,552332.54
1068.1,4,3.5,6.7,37.1422,-119.2636,Z123,378472.37
2139.7,2,1.0,0.7,38.8129,-115.5659,Z117,433524.3
2020.9,6,3.5,4.9,35.7609,-118.372,Z105,500765.42
1791.8,1,2.0,64.4,38.4756,-115.0949,Z111,422086.57
1435.2,1,3.0,0.4,34.8852,-115.0979,Z102,394294.43
1789.9,7,2.5,44.6,35.2742,-120.5797,Z124,523536.45
1146.6,3,2.5,42.0,35.4514,-119.7948,Z102,364208.89
1927.8,3,1.0,24.9,41.3925,-117.3819,Z115,466335.42
2324.7,1,2.0,7.0,40.4199,-123.3338,Z116,616290.74
2035.3,2,4.0,63.1,37.8691,-119.6116,Z115,476078.56
1135.2,1,2.0,19.3,37.8568,-122.9315,Z112,235161.66
1680.7,1,1.0,5.7,33.0334,-115.5965,Z124,428156.29
853.4,2,3.0,16.8,38.6703,-114.6008,Z112,245769.4
1786.2,3,3.5,6.5,35.6171,-123.0137,Z123,507450.75
1725.3,2,2.0,14.1,38.3168,-117.4929,Z111,381500.1
565.1,7,2.5,20.6,40.4822,-117.8163,Z128,247368.63
919.1,4,2.5,13.4,32.9322,-116.5192,Z101,325252.63
1358.4,4,3.5,32.1,38.2671,-117.1943,Z125,429730.84
1349.6,3,2.5,82.4,37.8599,-122.2201,Z113,357183.8
895.3,4,1.5,12.8,34.4643,-121.4423,Z109,326409.34
1694.5,4,1.5,13.2,38.6411,-122.7651,Z118,487671.03
1625.7,7,2.5,40.2,37.7709,-114.828,Z122,435189.75
1402.9,4,3.5,22.7,39.7895,-119.0209,Z121,360901.51
1122.1,4,1.5,16.8,33.5509,-114.2503,Z123,256454.24
2024.4,1,2.0,50.4,36.7143,-119.7821,Z125,507416.47
2327.7,1,3.0,66.5,41.9804,-118.6964,Z128,528839.09
1258.2,1,1.0,26.8,39.0482,-116.2124,Z104,353019.38
1193.9,5,4.5,6.1,39.0008,-116.1292,Z115,318532.33
1745.6,6,1.5,18.8,35.5198,-122.0729,Z104,468860.92
1321.0,3,1.5,21.1,33.3919,-121.473,Z101,288610.39
1430.3,6,1.5,17.0,41.5202,-123.473,Z105,414780.9
1869.8,7,2.5,9.1,33.502,-116.0426,Z127,528496.87
545.3,2,1.0,19.2,41.9307,-116.1645,Z111,72452.42
2159.2,3,1.0,17.7,33.6949,-123.6468,Z126,583190.83
1536.3,3,2.5,7.1,34.1236,-121.797,Z112,411719.23
1294.3,2,2.0,70.1,35.4295,-119.7764,Z112,335415.32
1455.4,2,2.0,65.0,37.3676,-118.8113,Z126,452062.69
1481.2,1,2.0,42.8,40.0088,-119.0133,Z120,365274.61
634.4,2,2.0,15.4,41.7246,-114.1777,Z124,207227.51
2247.5,4,1.5,13.9,35.9088,-116.4767,Z113,651095.75
1520.7,1,2.0,37.8,32.6939,-123.3115,Z118,422715.22
1721.5,5,3.5,28.1,38.3585,-121.4182,Z114,388406.47
1975.8,3,2.5,27.5,39.2525,-120.873,Z120,450027.53
989.4,3,5.5,4.0,36.2757,-121.1909,Z102,325315.11
1736.7,3,2.5,28.9,34.243,-116.2476,Z108,498547.28
1366.2,4,1.5,69.6,35.4071,-120.7141,Z124,414866.01
1923.4,1,4.0,2.7,38.7301,-119.3295,Z129,485562.55
436.4,4,4.5,12.4,37.1947,-118.8987,Z109,227117.08
1450.5,6,2.5,21.3,39.5625,-121.6606,Z128,510957.36
1198.6,4,1.5,34.8,34.5726,-121.1117,Z106,419450.19
1716.1,1,3.0,2.8,40.4989,-116.31,Z113,427226.05
1735.0,3,3.5,61.9,33.9809,-115.3998,Z116,421820.11
1146.2,1,1.0,1.2,35.6342,-124.1107,Z124,338462.88
1143.9,5,3.5,58.5,38.1165,-118.1459,Z113,329296.66
1444.7,3,1.5,0.8,39.5002,-117.8489,Z124,371688.52
1051.7,2,3.0,5.0,35.0287,-116.7583,Z109,417167.69
1921.0,4,1.5,48.3,41.5071,-117.2146,Z104,452788.68
1315.4,4,3.5,59.0,39.2081,-115.287,Z126,388973.28
300.0,6,2.5,120.0,34.5679,-123.676,Z117,159461.14
1312.6,3,1.5,3.7,39.3948,-120.4221,Z128,330835.02
980.7,2,4.0,22.4,39.1152,-116.2881,Z116,274108.36
684.4,1,1.0,2.4,39.6505,-115.6109,Z117,230704.2
881.3,3,1.0,5.1,41.2009,-121.7199,Z103,241296.64
1554.7,3,2.5,5.8,39.2613,-118.3545,Z119,415071.64
2164.3,4,1.0,2.0,35.8431,-122.602,Z100,562170.91
1656.6,3,1.5,67.0,40.0099,-115.5656,Z112,361665.14
1196.7,4,1.5,4.1,39.1107,-116.8305,Z128,405310.32
1728.0,1,1.0,29.8,37.9555,-122.1683,Z123,487553.85
1270.5,1,4.0,29.5,35.8614,-117.9504,Z109,388860.71
1152.7,3,3.5,6.6,41.25,-119.1521,Z127,373651.12
922.8,2,1.0,120.0,37.3712,-121.7823,Z114,257140.92
624.1,3,1.5,12.8,38.467,-115.1222,Z123,227364.86
1305.0,2,2.0,70.6,36.4459,-122.9477,Z123,362965.05
1579.0,3,1.5,88.9,39.9177,-119.5917,Z104,376833.88
1451.7,3,3.5,89.3,35.7399,-118.3806,Z125,365429.32
1292.0,1,3.0,41.9,40.201,-115.8528,Z117,293696.78
1027.1,1,3.0,8.8,33.5254,-122.9231,Z103,282075.67
1804.1,2,1.0,3.9,39.2351,-118.1037,Z100,525312.59
841.4,4,4.5,25.3,37.0304,-124.4311,Z109,237293.9
1888.0,3,1.5,13.4,39.1382,-115.8629,Z116,452420.45
998.9,1,6.0,53.3,37.5483,-122.0353,Z127,302901.14
1123.8,5,1.0,41.0,33.7759,-116.9304,Z125,327008.84
766.6,3,2.5,9.7,37.0314,-118.1803,Z102,204165.42
1249.3,2,2.0,0.5,41.6633,-123.9737,Z103,415465.58
1987.7,2,3.0,8.1,39.671,-122.5761,Z111,445059.31
1757.8,2,2.0,25.1,35.3518,-121.6887,Z126,495993.22
1989.2,1,5.0,2.5,41.4691,-115.1894,Z127,533910.87
1761.1,1,2.0,32.2,39.9,-119.4516,Z110,451405.39
948.2,5,4.5,33.4,35.9622,-114.9082,Z102,360776.45
1334.6,5,1.0,5.6,38.234,-124.0018,Z127,368420.26
1109.9,1,3.0,27.2,36.5535,-124.4311,Z110,335957.58
2165.3,1,1.0,28.0,33.4186,-114.5434,Z102,466059.51
901.6,2,1.0,19.5,40.1573,-116.8989,Z123,243319.3
1946.8,2,2.0,91.9,34.3152,-116.2752,Z103,467457.23
1946.5,4,1.5,3.4,36.8514,-114.884,Z102,492202.1
2414.8,2,1.0,15.7,39.1751,-114.1623,Z124,582257.88
1295.2,5,1.5,64.3,41.356,-123.474,Z111,264773.27
1856.2,3,1.0,14.6,33.0959,-122.8379,Z111,450873.72
2640.8,2,3.0,16.6,36.2357,-122.52,Z116,688534.14
1191.2,4,1.5,33.1,38.3392,-115.9066,Z123,402914.46
732.5,4,2.5,32.9,39.9034,-120.7667,Z120,238211.04
560.0,2,1.0,0.7,41.2488,-118.2706,Z129,166301.3
1856.4,1,1.0,18.2,32.5047,-115.5202,Z107,484429.66
558.4,5,1.0,12.2,38.4638,-117.3268,Z109,274287.77
1313.8,2,1.0,29.6,32.5659,-123.8131,Z115,377975.27
1718.7,3,1.5,24.3,39.9789,-119.8204,Z118,530172.41
1592.6,1,2.0,31.6,33.9218,-123.7912,Z114,323441.11
1712.7,5,3.5,31.8,40.9989,-119.4721,Z121,419450.24
1611.1,3,1.0,8.8,33.9737,-122.1973,Z110,468146.55
2139.4,3,2.5,8.5,39.7611,-124.4863,Z129,515328.76
1023.8,1,3.0,13.9,35.2484,-115.9619,Z106,281624.89
1161.5,6,2.5,8.3,37.7939,-114.3215,Z123,365049.45
1113.7,2,2.0,34.4,38.2801,-114.3766,Z106,292688.21
1915.1,4,1.5,27.7,34.4642,-121.3586,Z122,471482.56
1950.2,3,1.0,7.3,35.3376,-115.7979,Z117,530317.67
1725.6,1,1.0,64.7,33.5213,-117.3728,Z118,430820.29
2091.7,3,1.0,18.5,32.5502,-116.0992,Z115,489568.68
911.0,3,4.5,4.1,34.7749,-115.6145,Z121,360686.93
2333.6,1,1.0,7.2,37.402,-114.2071,Z102,576352.61
2261.6,5,3.5,23.3,39.2792,-122.9068,Z124,614264.66
1867.8,2,1.0,12.4,40.0388,-116.4177,Z124,546469.09
2390.9,8,2.5,57.2,33.1628,-116.7914,Z105,546080.31
671.7,5,4.5,20.5,35.0879,-121.4788,Z100,248588.91
1237.8,3,3.5,74.1,39.8171,-120.3778,Z100,360908.51
1132.3,2,1.0,3.2,37.0683,-122.644,Z114,324250.98
1860.7,1,1.0,33.1,34.2308,-114.9106,Z119,452532.9
974.9,2,5.0,65.1,36.226,-115.267,Z110,354582.05
1878.7,6,4.5,10.4,35.0653,-118.0526,Z109,497908.32
2185.3,4,5.5,4.4,32.9812,-119.1279,Z123,630159.95
1847.6,3,1.5,18.3,39.7545,-122.0547,Z102,492516.5
1641.9,4,2.5,97.6,35.2711,-116.2092,Z103,420422.55
1006.1,2,2.0,30.1,41.4787,-124.4138,Z111,297190.87
1076.6,2,3.0,31.0,40.9372,-119.6407,Z126,373782.76
2124.8,2,3.0,33.4,39.3046,-115.4642,Z105,519514.84
1889.7,3,4.5,1.2,35.603,-118.0059,Z126,528342.47
1480.5,3,3.5,17.7,35.1593,-117.8312,Z124,357341.02
1291.0,5,1.5,2.4,37.0151,-123.7576,Z119,384328.87
487.1,5,1.5,11.4,35.8687,-121.4896,Z118,183977.91
964.6,2,4.0,51.7,41.061,-117.4244,Z125,290135.0
2455.7,1,3.0,32.0,33.6732,-123.979,Z125,588815.37
859.8,1,3.0,120.0,39.3824,-121.0252,Z115,246474.53
1594.7,3,1.5,5.7,38.3035,-120.7836,Z124,434251.95
2003.7,2,3.0,15.2,40.1599,-119.2635,Z122,539607.43
872.5,5,1.0,49.8,37.6536,-120.6951,Z124,234358.95
1592.4,2,1.0,7.3,38.4806,-119.7318,Z126,439142.55
1969.0,2,1.0,5.0,41.646,-118.7565,Z109,553631.07
1506.2,5,4.5,16.7,33.3736,-123.1523,Z105,460929.64
2934.2,7,2.5,14.5,33.4962,-122.605,Z119,730311.62
665.7,4,4.5,117.7,36.2393,-115.7586,Z104,235447.05
2029.4,5,2.5,18.3,36.991,-119.6724,Z109,536371.25
1413.6,3,3.5,59.2,34.3988,-120.7709,Z111,346683.25
1886.0,5,1.5,65.7,33.2853,-119.9442,Z117,471290.7
1720.7,2,1.0,5.2,32.7107,-122.6644,Z102,393463.48
1133.4,6,3.5,37.7,39.7636,-121.9816,Z104,377515.0
1614.5,2,1.0,9.8,37.108,-119.087,Z128,453055.13
571.0,1,1.0,3.0,40.5123,-120.7313,Z102,142638.1
1801.6,1,3.0,62.3,35.928,-119.5077,Z102,323386.83
1649.1,8,1.0,10.4,39.1827,-122.9281,Z108,366677.01
1819.3,5,1.5,12.7,37.1409,-122.8571,Z103,516191.86
2029.1,4,1.0,11.7,38.3147,-120.4686,Z129,575877.45
1683.8,1,4.0,6.7,36.0169,-120.522,Z119,492286.28
1574.0,6,1.0,17.1,33.2711,-115.225,Z116,456493.84
1059.5,1,1.0,16.8,41.5,-124.1488,Z127,349691.45
1143.9,5,2.5,15.8,40.4429,-114.075,Z106,393377.15
2093.4,2,2.0,74.4,35.463,-114.4565,Z128,411226.9
2218.2,6,3.5,12.5,41.6077,-118.8064,Z125,635019.13
1380.9,3,2.5,0.9,35.3546,-116.953,Z112,343463.93
1523.0,6,1.5,5.9,36.7084,-114.6798,Z124,400199.94
1047.7,3,4.5,38.3,39.6738,-121.8625,Z127,339559.82
2086.4,6,3.5,26.8,35.4355,-121.1859,Z123,612478.5
1832.7,5,2.5,90.9,35.5828,-123.3353,Z111,431069.39
2470.6,1,4.0,35.6,36.3958,-118.5796,Z117,555546.96
1060.8,3,1.0,6.5,36.9497,-122.8258,Z121,320935.54
1311.0,3,1.5,3.9,33.6744,-114.7259,Z125,417335.44
1615.7,2,4.0,22.1,32.6662,-119.9685,Z125,358927.82
1823.2,4,4.5,32.8,41.232,-114.8433,Z114,439106.26
1392.2,2,1.0,5.4,35.8553,-122.3465,Z104,366982.37
1063.5,4,1.5,27.6,33.466,-117.2126,Z123,347425.36
1940.7,4,3.5,60.1,39.7121,-117.7003,Z100,582952.57
1860.6,1,3.0,39.0,35.3031,-120.3034,Z108,438633.54
1041.9,4,2.5,32.7,34.2258,-115.0674,Z108,277308.51
2177.7,2,1.0,46.7,41.6448,-119.9346,Z112,462715.65
2085.1,3,2.5,3.3,41.2452,-122.4165,Z110,489341.77
1567.1,3,4.5,6.8,33.5046,-114.2417,Z127,438725.74
1539.8,2,2.0,1.2,41.0432,-119.8644,Z122,330141.86
1777.0,1,2.0,4.7,40.9632,-122.3152,Z123,455118.97
1069.1,1,3.0,73.3,38.5266,-120.6819,Z128,218194.16
1515.0,5,2.5,7.5,37.5325,-118.0582,Z108,410510.34
423.8,4,4.5,32.5,34.5657,-119.1237,Z128,201259.79
1938.2,2,6.0,35.3,33.6532,-117.8313,Z104,524301.17
719.3,1,2.0,31.1,38.2605,-117.5505,Z113,255782.05
2251.7,1,1.0,24.2,40.3086,-123.2045,Z126,598665.15
1334.9,3,2.5,20.0,39.0421,-121.1937,Z129,363011.59
1394.2,3,1.5,16.3,34.2176,-116.6386,Z115,407430.91
1186.1,3,3.5,74.6,35.2552,-117.6711,Z101,310289.61
1356.0,5,2.5,0.3,37.691,-123.5723,Z129,355129.9
2209.3,4,1.5,1.6,38.4374,-121.191,Z114,490076.49
300.0,3,2.5,20.3,33.1864,-114.7211,Z129,172093.39
2138.5,1,4.0,12.0,38.3335,-115.4489,Z116,517105.36
1669.0,7,5.5,15.7,39.495,-117.4583,Z104,484588.29
896.5,3,5.5,120.0,34.2229,-123.7349,Z123,296926.23
962.3,4,2.5,44.8,34.8391,-118.1259,Z109,332921.2
2338.2,4,1.0,63.0,34.9595,-124.372,Z114,476711.01
1027.2,4,3.5,13.8,41.4282,-117.5582,Z119,353895.01
923.3,1,2.0,8.2,36.3667,-116.8223,Z103,287585.87
2068.7,4,5.5,43.8,37.5404,-119.2789,Z103,567475.68
1669.3,3,1.5,49.4,39.381,-124.46,Z123,363451.42
1031.0,4,4.5,23.9,36.0289,-117.5006,Z128,357931.71
1608.3,2,3.0,67.9,33.5028,-115.8927,Z106,376228.17
987.1,5,2.5,102.6,38.7161,-118.3484,Z128,252776.82
2050.4,3,4.5,19.1,38.8391,-117.0534,Z126,575943.36
2030.7,1,1.0,7.6,34.9752,-123.5516,Z100,445623.82
1766.0,4,4.5,21.8,32.8347,-116.9891,Z125,512192.77
1680.8,6,3.5,120.0,38.8209,-118.051,Z121,429348.38
2380.6,1,1.0,10.4,39.1825,-121.0243,Z119,597193.61
1499.8,3,2.5,28.8,32.7476,-117.304,Z101,321741.54
909.1,2,1.0,35.5,39.0852,-117.7214,Z118,262988.29
1724.7,6,1.0,7.2,41.4198,-118.2057,Z103,531927.6
2543.0,1,3.0,26.6,34.1985,-122.5791,Z125,585566.44
992.6,4,2.5,11.3,37.4526,-121.3897,Z122,255014.79
1319.3,2,1.0,57.8,39.1194,-114.0905,Z100,380500.24
1708.2,5,1.5,37.6,34.6858,-119.9524,Z100,382610.79
1473.0,2,3.0,52.5,39.6397,-123.876,Z102,447144.69
1008.8,1,1.0,6.7,40.7468,-115.0604,Z117,195031.02
2060.9,2,2.0,1.1,40.2382,-122.6842,Z102,588784.43
2660.0,5,1.5,57.0,34.9595,-120.263,Z102,690162.01
1598.1,2,1.0,14.7,40.1401,-121.581,Z126,423205.05
1048.0,2,1.0,5.9,36.4268,-114.3793,Z112,292354.85
725.5,3,4.5,2.9,35.0314,-120.53,Z100,226384.05
1629.0,4,1.5,21.8,34.0957,-117.0585,Z112,380500.34
2051.9,2,1.0,4.9,41.1353,-118.217,Z121,489558.09
1737.6,4,3.5,25.1,36.5555,-124.0488,Z123,501077.9
1498.8,4,3.5,39.0,40.7244,-120.4647,Z104,387441.06
1205.4,3,4.5,23.0,34.0157,-120.4048,Z116,320761.78
953.9,7,2.5,70.2,39.7864,-114.1068,Z110,327412.89
1917.4,1,1.0,5.1,33.5451,-115.9747,Z109,475903.89
1956.9,4,2.5,20.4,32.6669,-115.5051,Z126,532376.23
727.1,5,2.5,5.3,41.953,-121.208,Z122,275676.75
2294.9,3,1.0,62.6,33.1986,-121.0449,Z126,585585.01
1787.0,1,1.0,80.8,36.8846,-119.0861,Z114,386645.17
2199.8,5,2.5,15.3,40.8447,-117.8743,Z112,605161.85
828.9,4,1.5,10.9,40.2841,-116.8529,Z109,317332.85
817.1,1,1.0,9.8,36.9762,-115.8816,Z108,219422.14
1425.5,1,4.0,58.9,38.3031,-115.3314,Z127,429028.18
1751.4,3,2.5,34.4,38.4822,-124.2414,Z106,468407.99
2398.2,4,3.5,63.8,33.5433,-116.141,Z124,596497.94
1853.0,4,2.5,3.8,35.2066,-118.0862,Z109,567205.64
1378.7,1,1.0,19.4,35.3593,-118.9131,Z108,332934.75
986.8,2,1.0,33.8,36.0922,-117.9011,Z112,285724.5
2115.0,1,5.0,68.2,35.1022,-115.2396,Z115,552299.45
1017.6,1,1.0,14.4,34.8892,-118.7744,Z101,327149.75
2314.2,1,1.0,11.3,35.8705,-122.797,Z107,502662.57
1357.8,4,2.5,73.2,36.1027,-119.9138,Z127,337592.19
2295.3,3,1.0,1.5,37.1286,-114.7932,Z122,487802.66
1839.5,1,1.0,19.6,34.1486,-115.9479,Z127,404107.77
1431.5,5,1.5,18.4,39.9892,-122.368,Z106,568296.86
1240.3,5,2.5,4.7,40.6763,-117.0015,Z101,396069.96
1329.5,3,4.5,15.1,34.8576,-121.8096,Z100,394044.14
1714.2,7,1.5,38.5,33.6714,-120.8404,Z103,510467.76
1538.6,1,2.0,13.7,39.362,-119.5764,Z122,334501.97
1203.1,3,1.0,11.1,41.2803,-119.8709,Z105,284096.69
1417.2,5,1.5,45.7,32.8339,-124.1926,Z125,301568.0
1539.3,2,2.0,120.0,32.6371,-116.3729,Z101,269845.29
435.6,2,3.0,45.3,34.2425,-115.6129,Z106,234303.52
1729.1,2,1.0,56.2,39.0055,-118.9251,Z109,420282.73
1010.1,5,1.5,84.2,41.6654,-122.684,Z126,290165.33
923.3,2,1.0,48.6,39.6286,-121.8967,Z108,307969.53
656.3,1,1.0,117.9,37.9438,-123.1735,Z101,165898.06
603.1,3,3.5,41.3,39.1552,-122.7202,Z125,275599.94
822.3,3,2.5,32.5,34.6916,-115.2978,Z114,190526.26
1145.5,1,2.0,35.5,39.0412,-119.4583,Z126,381398.94
2476.6,5,5.5,69.1,35.5537,-123.3344,Z114,602457.2
1237.1,2,2.0,34.5,34.613,-121.8252,Z120,241901.05
1588.9,4,1.5,43.0,34.7473,-114.5302,Z115,409024.98
1700.2,5,1.0,7.3,38.844,-119.1527,Z126,411497.89
1565.5,4,1.0,73.1,39.7886,-119.0858,Z101,366197.62
1461.3,5,1.5,17.8,38.0271,-118.9807,Z116,354444.74
902.4,4,4.5,5.3,33.1066,-123.328,Z110,357343.8
2225.5,4,3.5,48.3,32.8611,-114.3117,Z122,514749.55
2403.6,2,3.0,13.2,34.5631,-123.6129,Z117,592479.79
658.7,6,2.5,6.1,35.2215,-117.1496,Z121,272706.68
988.0,1,1.0,8.9,36.3458,-123.8935,Z122,256332.5
1360.1,1,1.0,1.1,33.2223,-119.8423,Z100,397070.98
1017.7,1,1.0,2.8,39.389,-115.0534,Z126,297170.98
1753.0,2,1.0,26.9,39.2592,-116.4313,Z111,442616.94
1135.9,1,3.0,60.3,35.7934,-120.9859,Z124,349272.58
2582.5,2,3.0,17.9,37.8485,-118.7108,Z105,628482.97
2095.3,8,3.5,29.5,33.4587,-122.7646,Z117,519530.03
1606.3,5,3.5,49.8,36.4446,-114.4607,Z116,369485.69
2013.5,2,1.0,13.2,40.6469,-117.0589,Z116,461587.25
2053.0,1,3.0,31.9,38.7759,-120.5699,Z101,465797.56
1218.0,2,3.0,12.9,33.4875,-121.1617,Z127,341789.71
1091.9,5,1.5,30.9,40.552,-121.9943,Z124,328962.1
1539.1,5,2.5,7.4,38.9666,-116.2415,Z117,350848.91
1930.8,2,3.0,114.3,36.804,-119.9366,Z114,476277.02
1569.5,4,1.0,2.4,39.0749,-121.0327,Z100,492397.07
711.5,1,1.0,21.1,34.1418,-114.9952,Z128,170379.8
1098.6,1,2.0,10.1,37.7296,-122.9227,Z119,334749.02
1463.0,1,2.0,27.6,38.3703,-121.7297,Z113,302438.56
1462.2,5,1.5,16.8,41.3136,-120.88,Z112,375773.14
2486.3,2,4.0,11.0,33.1355,-121.7716,Z124,605155.63
807.0,4,1.0,8.6,36.0604,-118.3533,Z111,200185.79
1752.8,4,1.5,6.0,41.3997,-118.1892,Z107,461193.6
2244.6,5,2.5,45.8,34.5636,-123.9251,Z106,599720.44
2635.7,4,1.5,7.5,40.2254,-122.9824,Z107,651872.43
1297.8,3,1.0,44.6,32.5153,-122.4154,Z117,331643.07
1745.7,3,3.5,19.9,32.7459,-123.7616,Z120,474204.4
1784.9,3,1.0,2.2,35.6124,-123.19,Z127,501805.89
1597.7,5,3.5,5.4,39.8008,-121.9837,Z114,463108.98
1450.6,4,1.5,67.0,33.4894,-120.871,Z127,385488.87
1718.0,3,1.0,27.7,36.1371,-116.1913,Z106,462092.64
300.0,2,1.0,6.1,33.7489,-122.212,Z100,220916.2
1841.0,4,1.5,36.5,34.6241,-117.4647,Z105,459850.97
1563.1,5,1.0,52.0,37.2784,-123.8922,Z122,402742.37
1388.8,1,3.0,12.0,35.5318,-117.5885,Z115,321523.38
2523.4,5,2.5,24.4,34.5132,-116.1554,Z123,715232.34
1162.5,5,2.5,10.4,36.2382,-118.1495,Z120,294738.23
1298.5,2,3.0,2.5,39.16,-122.3854,Z113,380579.94
2495.8,2,2.0,15.3,33.6345,-121.0307,Z107,598206.07
1084.0,2,2.0,41.8,37.0561,-116.0456,Z109,275074.49
1224.9,2,1.0,18.4,35.1098,-119.9643,Z126,378375.96
1426.5,4,4.5,15.6,36.0969,-121.82,Z116,459115.93
1920.4,3,2.5,13.7,40.3048,-114.7067,Z114,410264.45
1603.9,1,2.0,18.4,41.3324,-117.8078,Z113,368729.49
853.7,5,2.5,11.5,34.8083,-116.04,Z119,294818.11
1233.9,2,4.0,28.4,38.4847,-124.2427,Z128,340060.15
1196.3,3,3.5,2.0,38.9284,-120.937,Z110,402807.55
1461.4,1,2.0,49.4,40.5036,-119.6816,Z105,284382.82
1712.9,1,2.0,5.7,41.0409,-118.3321,Z103,502211.0
1709.1,3,1.5,30.1,36.9459,-122.5053,Z128,499320.07
612.0,2,4.0,17.9,41.8345,-119.2715,Z104,215049.9
2032.0,2,3.0,44.5,41.7229,-117.3009,Z110,480065.35
1626.3,3,1.0,52.5,37.3114,-120.8683,Z111,415109.52
2192.3,2,2.0,6.9,37.6493,-117.2399,Z110,545028.12
1722.1,3,1.0,33.9,38.8436,-120.4086,Z117,405716.01
2050.7,5,3.5,6.3,36.0513,-119.5706,Z106,572247.24
1733.3,3,4.5,4.0,38.7894,-123.0899,Z124,430534.56
2173.1,5,4.5,79.9,37.3857,-117.6616,Z122,609887.1
1761.1,4,1.5,5.4,32.8366,-122.1451,Z100,439139.56
1451.0,4,2.5,7.8,40.6009,-115.7971,Z115,399418.31
2636.2,4,4.5,4.2,41.4342,-118.6888,Z117,628409.56
1944.5,2,6.0,19.1,32.7492,-118.6173,Z111,470586.09
1786.9,2,1.0,75.6,39.998,-114.919,Z110,461410.75
861.8,5,1.5,9.2,36.1652,-122.7423,Z107,328001.87
855.8,5,1.5,23.4,38.0635,-118.9325,Z100,334089.67
1646.4,1,4.0,15.9,37.25,-120.4868,Z115,380244.3
1572.8,3,2.5,12.3,37.7375,-114.3536,Z101,346807.14
1192.9,8,1.5,25.5,37.2043,-116.1765,Z120,392833.94
1570.5,3,2.5,24.6,40.6071,-116.5462,Z129,423182.22
2294.3,6,2.5,13.4,38.9933,-122.3567,Z105,585729.55
1847.7,1,1.0,57.0,36.4201,-122.0081,Z116,459419.74
929.5,3,2.5,1.6,39.0414,-124.1936,Z116,287961.64
1444.2,2,1.0,2.7,41.668,-117.7954,Z101,379744.45
1097.5,1,3.0,120.0,33.2629,-120.6062,Z118,358882.11
1306.2,2,1.0,41.3,36.1869,-121.2236,Z108,319999.25
1293.2,3,3.5,48.9,40.7693,-117.8112,Z102,366942.86
1261.2,4,1.5,27.7,39.521,-115.7988,Z123,360134.7
872.4,2,1.0,16.3,41.3818,-123.1032,Z121,183717.94
1436.2,2,1.0,29.8,32.8782,-114.8541,Z109,346308.4
1219.7,3,3.5,2.9,40.6964,-124.1402,Z104,360962.73
300.0,5,3.5,42.5,40.0221,-123.5014,Z108,124105.57
2526.5,3,1.0,23.3,40.2429,-115.6997,Z123,600513.27
2044.4,3,1.0,94.2,38.174,-119.3266,Z113,521310.17
1311.8,2,1.0,30.4,32.9932,-114.6378,Z110,374760.88
1509.4,1,1.0,4.9,37.6217,-119.6526,Z118,411737.88
914.2,3,1.5,19.5,36.3736,-114.7757,Z122,308717.28
2347.9,4,2.5,1.8,37.5069,-121.9839,Z115,613011.18
2448.6,2,1.0,41.0,39.5328,-118.0273,Z113,495008.3
1578.3,1,1.0,20.9,38.1616,-114.0581,Z113,461532.7
2011.8,5,1.5,13.8,35.2793,-120.5513,Z103,540930.53
1587.6,2,3.0,103.8,38.1953,-124.4847,Z107,447936.04
831.6,2,2.0,84.7,33.2898,-123.8275,Z106,269787.86
1294.1,5,4.5,91.6,32.551,-115.4799,Z102,361481.97
1566.0,1,2.0,7.5,36.3145,-119.3352,Z122,392319.75
1272.7,3,1.0,39.1,39.6933,-118.8645,Z121,331063.48
1390.7,6,5.5,87.2,40.315,-116.106,Z121,408585.77
1454.3,4,3.5,25.4,37.7235,-115.9784,Z113,450095.37
1459.6,6,1.0,7.2,40.7461,-119.4871,Z110,418989.14
1526.1,1,3.0,51.1,33.6962,-115.4904,Z125,304582.62
969.7,3,1.5,63.6,41.659,-119.5815,Z118,264290.87
1141.5,5,2.5,36.4,41.2567,-117.4123,Z103,427020.35
857.7,3,2.5,10.4,38.1928,-124.1497,Z128,322694.16
1988.9,4,1.5,6.3,33.0579,-123.051,Z103,557673.11
447.2,1,1.0,29.4,36.8149,-115.5601,Z121,187119.09
2076.8,7,2.5,19.8,34.2031,-121.2123,Z128,647615.94
2193.2,2,1.0,33.1,38.47,-120.9852,Z124,579902.9
1348.9,4,1.5,3.6,34.3047,-117.5386,Z120,315665.12
300.0,4,2.5,4.4,37.0771,-118.2783,Z107,233687.31
1319.3,1,1.0,13.5,34.4535,-123.637,Z120,326802.08
1467.9,3,1.5,9.0,34.2275,-116.4595,Z114,319709.15
994.7,3,1.0,29.0,34.8553,-118.0192,Z115,300482.56
1242.4,6,2.5,13.7,32.7774,-115.519,Z121,362424.37
2265.1,4,3.5,34.6,39.3031,-118.8773,Z121,580107.73
1832.5,3,4.5,43.9,35.4139,-120.1496,Z103,502219.0
1037.7,3,1.5,6.2,39.132,-120.6009,Z109,383439.16
701.2,3,2.5,75.7,38.708,-124.4536,Z125,266293.37
1336.5,3,1.0,46.4,33.1281,-124.0823,Z104,287464.64
1393.3,4,1.5,29.6,35.4643,-123.1223,Z103,495014.22
1748.1,3,3.5,71.9,37.8852,-114.7399,Z101,444972.8
1232.3,1,1.0,9.3,41.2248,-115.2532,Z117,226516.9
1755.7,4,1.5,16.4,36.3125,-119.2794,Z107,457823.01
2467.6,5,3.5,2.7,37.2955,-122.6079,Z114,532674.47
1907.8,5,1.0,18.3,39.6265,-122.9658,Z103,506048.81
1476.0,3,1.0,21.2,40.1313,-121.8106,Z112,436922.33
1408.4,3,1.0,28.7,41.2717,-114.9584,Z113,377155.22
1321.7,5,2.5,2.0,37.2233,-119.0246,Z108,381956.56
2090.3,3,2.5,1.0,34.3415,-116.0576,Z127,638390.03
1186.3,2,3.0,16.3,39.762,-119.1791,Z105,297550.25
1522.6,3,3.5,6.3,33.693,-118.1008,Z111,394748.91
1525.6,1,1.0,42.7,36.4743,-118.0939,Z127,449975.15
1249.1,4,1.5,33.1,38.468,-124.171,Z112,295184.21
813.8,5,1.5,11.8,39.0726,-119.8247,Z120,280648.55
1661.5,3,2.5,1.4,39.4638,-115.4275,Z122,426140.22
1469.5,3,1.0,6.0,34.3386,-119.3645,Z105,335622.79
1750.1,1,2.0,35.3,41.8257,-119.929,Z119,481378.91
1233.2,2,3.0,120.0,34.195,-118.9713,Z125,330154.98
2110.4,2,1.0,11.9,33.4127,-120.5019,Z124,522016.95
1061.6,6,6.0,48.6,38.8085,-119.0883,Z121,390336.26
2356.0,5,2.5,60.5,41.145,-123.0789,Z118,666996.68
626.2,4,2.5,1.5,37.8141,-114.3366,Z119,264935.3
1717.4,6,5.5,74.4,38.1571,-124.1416,Z119,469796.12
1737.7,4,1.5,18.8,37.6156,-119.4263,Z107,439871.48
1102.2,1,2.0,99.9,32.9061,-122.2951,Z104,219344.61
1712.2,6,1.5,23.2,38.9725,-123.8873,Z107,465173.93
2139.8,2,1.0,8.0,35.9029,-117.6571,Z112,469707.66
391.6,2,1.0,110.3,41.3889,-114.1556,Z126,153130.24
1751.4,3,1.5,8.4,34.2745,-116.6291,Z123,502384.0
300.0,5,2.5,64.2,35.3701,-121.8328,Z121,145751.46
1017.2,3,3.5,5.7,37.2961,-119.3194,Z112,264767.36
2314.6,3,1.5,33.7,37.0349,-123.9773,Z104,522334.25
1209.1,1,1.0,15.9,36.3029,-118.9175,Z113,328820.96
913.1,2,1.0,107.3,35.4868,-123.4556,Z117,234697.08
1401.0,3,2.5,6.1,33.8983,-116.1566,Z114,350949.22
2534.0,1,1.0,15.8,40.2988,-123.9046,Z100,626072.58
584.2,1,4.0,30.6,36.7633,-124.4017,Z106,239521.02
974.3,4,3.5,114.0,37.9431,-115.4537,Z109,254801.8
2248.7,2,1.0,10.9,37.6923,-114.6033,Z127,503877.05
2428.9,4,4.5,15.2,37.9671,-123.5912,Z125,529322.41
1448.3,4,3.5,18.6,39.196,-121.5714,Z129,351661.09
880.5,1,4.0,8.7,38.4791,-116.7122,Z126,292407.91
2547.9,3,2.5,51.0,35.1021,-118.8336,Z122,592421.72
2297.2,3,2.5,2.9,37.7602,-114.533,Z101,444251.71
1839.5,1,2.0,36.6,34.8229,-120.4136,Z112,390717.69
1093.8,3,1.5,22.9,38.0939,-124.4651,Z102,312295.77
1475.5,2,3.0,8.3,36.6034,-124.2927,Z126,403434.86
1419.8,5,4.5,20.4,32.8745,-118.569,Z107,434673.92
1665.4,5,1.5,53.1,39.4729,-116.6029,Z111,343827.37
2225.5,6,3.5,17.7,35.1093,-116.1985,Z103,607252.55
1939.7,3,3.5,3.9,41.2418,-114.9291,Z120,426006.67
961.3,2,2.0,1.2,35.1653,-122.0947,Z122,314566.87
2188.2,1,1.0,45.1,41.9679,-116.7467,Z107,579206.58
1656.6,2,1.0,12.0,36.898,-115.8155,Z100,411767.55
1843.5,1,1.0,80.3,32.7509,-115.7191,Z122,367519.59
2233.3,3,1.5,28.8,33.2246,-120.1788,Z102,633101.45
944.2,4,1.0,17.2,33.2798,-117.9272,Z114,190323.87
1482.1,4,5.5,24.9,33.034,-118.7086,Z114,386009.84
1234.3,1,1.0,18.3,35.044,-118.2264,Z120,344791.1
716.1,1,2.0,70.9,35.5836,-121.5387,Z127,205068.99
1673.4,5,2.5,18.4,33.5572,-117.326,Z111,355654.09
2755.8,3,1.5,3.3,36.6622,-117.0448,Z100,661604.84
580.0,1,5.0,27.3,35.9708,-122.4425,Z110,234448.88
1483.9,8,1.5,29.3,38.5451,-119.8419,Z118,470670.68
1820.3,2,6.0,43.5,34.3607,-120.0679,Z104,454983.66
1561.5,5,2.5,81.2,41.1829,-116.636,Z116,404563.04
1443.4,3,1.5,17.6,37.4019,-117.5017,Z101,257259.32
850.4,2,2.0,13.0,38.4255,-119.4999,Z112,245353.57
1616.4,7,2.5,20.2,32.8754,-117.6484,Z102,458647.46
1121.6,1,2.0,69.1,37.8113,-121.74,Z112,322225.67
405.0,3,2.5,117.3,35.997,-122.0603,Z107,220646.5
2097.3,4,1.5,106.5,41.2796,-121.9808,Z120,500634.84
1979.2,4,2.5,7.8,40.9136,-124.1903,Z120,512424.83
1525.8,4,1.5,20.6,38.5577,-117.2437,Z112,397536.34
1614.5,8,3.5,9.0,39.7946,-114.1486,Z102,486107.27
2037.2,4,3.5,13.8,38.6236,-121.2552,Z124,534406.97
1612.2,2,2.0,1.0,32.6612,-114.7367,Z108,426577.29
1952.0,1,2.0,5.3,39.1797,-118.1313,Z127,496625.9
1351.3,2,4.0,15.2,34.1824,-122.1382,Z129,367797.48
2156.0,1,3.0,13.6,38.9844,-124.3754,Z127,546336.27
1660.4,4,1.5,9.8,32.5998,-116.9008,Z101,404728.28
1597.0,3,1.0,7.9,35.4536,-117.186,Z107,502164.55
865.0,1,1.0,41.5,37.4108,-122.0928,Z100,249062.26
1643.5,3,1.5,10.5,35.6651,-121.0066,Z120,348667.61
1084.0,6,4.5,36.8,39.0929,-115.0705,Z114,339359.05
1180.9,4,1.5,13.8,37.4657,-122.8491,Z122,314767.82
1092.3,1,5.0,48.6,41.6168,-115.7278,Z107,319115.23
966.9,1,1.0,5.5,35.8992,-122.7232,Z107,286772.33
2562.4,3,1.0,5.1,39.3577,-119.4419,Z121,609173.28
2165.7,3,1.5,34.2,40.4405,-119.2609,Z106,523185.83
2460.2,7,1.0,73.9,34.9094,-119.5431,Z119,694373.99
888.6,5,6.0,4.6,39.6642,-121.4767,Z112,354033.99
1535.6,7,1.5,2.3,36.2365,-121.8397,Z125,400442.32
853.2,3,6.0,81.8,33.7229,-116.8019,Z106,282366.44
1152.2,2,1.0,3.7,32.5346,-121.6054,Z106,329913.55
1040.9,4,1.0,8.6,39.5657,-118.0959,Z124,231975.64
2119.8,2,2.0,79.6,34.2693,-115.6103,Z110,498583.85
1301.9,6,3.5,48.7,32.9863,-115.7111,Z101,384355.97
2034.2,3,3.5,12.6,37.2235,-122.7449,Z110,541657.38
1802.1,1,2.0,92.7,35.7936,-117.6253,Z123,492480.66
2651.8,2,2.0,25.2,39.0722,-118.1761,Z124,646131.18
760.3,6,1.0,2.2,33.52,-121.5392,Z118,359079.4
2129.6,4,1.0,36.4,33.7602,-120.3897,Z123,572634.36
2073.2,3,1.5,23.1,36.339,-121.5063,Z100,535808.25
1013.3,4,2.5,25.5,37.4439,-118.8608,Z128,283453.59
2003.6,3,3.5,120.0,40.3298,-116.0619,Z125,434665.87
1668.1,4,3.5,5.0,38.0634,-115.2862,Z120,434538.19
1386.3,2,2.0,32.1,41.0747,-116.9104,Z116,372800.94
1088.0,7,1.0,18.4,34.5688,-119.4238,Z100,388180.56
1140.4,3,3.5,9.5,38.1641,-114.44,Z112,337544.19
2524.9,4,1.5,35.5,38.7248,-118.5793,Z105,633220.77
1500.3,6,2.5,33.1,39.3951,-119.4753,Z104,389349.75
1891.1,4,1.0,58.2,41.8922,-115.5039,Z120,448682.08
1104.6,2,1.0,63.3,36.9463,-122.5615,Z101,288444.14
1110.1,6,1.0,24.8,36.0085,-122.8423,Z109,323233.48
2041.0,2,3.0,11.8,40.596,-116.2833,Z129,501939.46
825.2,3,2.5,22.6,34.1795,-115.359,Z124,293385.36
1292.4,2,5.0,13.4,32.8518,-123.7359,Z127,416412.49
1517.0,4,1.5,9.7,36.7141,-116.4771,Z120,389027.57
1555.7,6,1.0,24.1,34.8485,-120.0432,Z118,488594.56
1410.5,2,4.0,32.2,36.267,-117.1109,Z126,503073.07
1697.9,2,1.0,26.8,41.8678,-123.0828,Z106,451831.15
1846.4,6,4.5,92.6,35.8106,-114.2834,Z121,568861.36
1867.3,2,4.0,10.6,39.2257,-115.2466,Z114,365723.1
1007.1,1,3.0,14.0,34.8788,-120.2373,Z110,327919.68
1357.9,6,1.5,33.0,35.3825,-115.1197,Z105,327925.19
2097.4,4,1.0,27.5,34.81,-115.1033,Z104,473684.66
1947.3,4,1.0,0.1,37.9355,-119.6568,Z103,599059.43
813.6,2,1.0,11.2,34.648,-114.5577,Z105,276083.83
1675.7,1,2.0,8.8,39.3245,-114.243,Z106,447393.59
510.9,4,4.5,55.0,38.9626,-122.2193,Z111,226478.49
1523.5,5,1.5,60.4,36.5021,-123.8,Z129,407698.93
2448.9,5,3.5,10.0,32.743,-121.0229,Z113,617872.2
1026.1,2,4.0,3.2,32.7152,-119.3672,Z123,267533.22
1082.8,2,2.0,6.9,37.5617,-123.5269,Z101,302388.41
1882.0,3,1.5,5.8,40.4724,-123.0231,Z119,458277.23
728.6,7,2.5,8.1,38.1893,-114.2972,Z126,321575.11
1183.6,3,1.5,8.0,36.6387,-116.7583,Z122,309661.4
1798.2,5,1.5,19.6,40.8801,-115.3132,Z102,480327.32
1182.9,4,1.5,11.6,34.3715,-114.3029,Z104,330730.37
1382.0,2,1.0,24.6,35.9145,-120.5295,Z109,455787.92
1872.1,1,2.0,12.7,37.8704,-117.2774,Z129,453849.31
1710.8,4,1.5,50.6,35.2709,-122.5678,Z106,463769.14
1633.4,1,1.0,90.4,41.9783,-118.7075,Z108,342627.06
1330.4,1,2.0,15.5,36.797,-122.2963,Z121,361656.55
1685.0,1,4.0,1.5,32.9914,-122.8155,Z117,441613.15
1438.1,6,4.5,8.2,34.1728,-123.4663,Z124,313183.73
1728.9,2,1.0,3.2,37.5586,-118.4128,Z105,422964.93
1251.5,7,1.5,12.7,37.7255,-114.5266,Z109,317924.83
1408.7,4,1.5,31.1,41.8494,-123.2167,Z111,323201.33
1005.0,6,3.5,22.0,38.1997,-119.2257,Z101,320349.17
1482.5,5,4.5,8.3,38.833,-117.2858,Z128,486825.54
1094.5,1,2.0,43.7,34.5304,-119.2935,Z100,354026.45
943.0,4,3.5,4.2,33.5152,-114.9264,Z127,398268.47
1629.3,3,4.5,7.8,38.2191,-122.7539,Z103,464266.96
1606.4,5,3.5,33.8,40.7164,-124.2463,Z114,361878.13
1891.4,1,5.0,6.6,38.08,-120.4773,Z101,436922.29
1284.4,3,4.5,34.1,36.7064,-118.6674,Z127,430961.21
1704.0,5,2.5,113.1,37.993,-121.8277,Z122,469485.4
1775.4,3,2.5,53.4,36.9533,-122.7314,Z126,497541.59
1722.4,1,1.0,5.2,33.8479,-116.0492,Z122,377847.35
1087.2,2,2.0,22.1,39.5413,-122.52,Z102,273362.87
1574.7,2,1.0,16.5,37.5639,-119.8518,Z126,422925.21
1682.1,3,1.0,120.0,36.2936,-114.4779,Z125,427011.8
1503.6,4,1.0,100.1,37.8166,-118.0666,Z116,305174.67
456.8,4,3.5,4.1,34.7917,-119.2739,Z101,273549.58
1580.2,3,1.5,71.8,36.5656,-120.7174,Z112,370757.88
2606.3,1,4.0,6.4,38.4132,-119.036,Z107,696349.22
1320.0,2,6.0,11.5,34.6488,-116.7898,Z119,363832.9
1136.0,2,1.0,13.1,39.6155,-115.8635,Z118,315539.03
1686.7,8,1.5,10.1,37.4496,-117.6766,Z109,565296.9
1656.2,3,3.5,57.6,40.6862,-116.2017,Z106,408855.14
2096.4,5,3.5,12.0,40.5487,-123.5716,Z125,573443.99
871.1,3,3.5,50.9,37.1979,-124.3491,Z103,270282.33
1865.7,4,2.5,120.0,34.3569,-116.7887,Z117,384719.23
1795.2,2,3.0,55.1,39.4981,-121.7521,Z102,464761.79
1428.9,1,2.0,12.7,36.4774,-115.2844,Z114,295887.82
1669.3,1,1.0,37.3,38.149,-118.8736,Z119,437405.43
2014.7,1,1.0,22.9,33.519,-119.4755,Z116,440490.69
1936.2,2,4.0,46.3,38.5,-116.3854,Z123,475747.72
928.5,5,3.5,5.0,36.0487,-116.7185,Z126,345565.88
1910.1,3,3.5,30.5,35.6748,-117.1051,Z107,586546.11
1467.7,3,2.5,44.6,41.8092,-117.256,Z120,314104.9
1536.4,2,1.0,43.0,36.6081,-119.0883,Z114,297505.53
1536.6,1,2.0,99.4,38.9414,-114.772,Z112,302010.98
1424.9,3,1.0,1.8,38.4634,-115.1483,Z113,354863.95
2095.9,2,3.0,12.7,33.4909,-121.0412,Z121,494372.57
1458.1,2,5.0,19.4,39.6053,-116.0507,Z103,379969.06
940.2,3,5.5,11.1,35.57,-115.1434,Z110,380109.5
1303.2,1,1.0,11.1,40.0899,-118.0083,Z129,332709.94
1589.3,1,2.0,5.8,38.2726,-118.6664,Z102,424047.39
2114.6,3,1.5,50.3,35.5124,-117.4452,Z118,630478.51
1801.5,3,1.5,71.6,35.8848,-122.7879,Z112,445296.04
1074.7,5,2.5,2.6,39.4493,-123.5829,Z103,515389.88
2742.6,2,5.0,5.0,37.7256,-115.8884,Z112,695832.0
1632.4,3,2.5,7.8,38.8493,-118.4801,Z114,341178.4
2137.7,3,1.5,21.3,34.004,-123.2137,Z105,466828.01
1424.1,2,1.0,47.0,39.9763,-120.1287,Z117,303885.68
1766.7,6,1.5,2.2,35.5437,-121.3685,Z121,484900.99
1919.7,5,3.5,30.4,38.3887,-115.3075,Z107,596785.47
2109.1,3,2.5,4.9,33.5895,-119.1742,Z108,489247.5
2028.7,1,2.0,106.7,35.5535,-118.4361,Z128,465204.23
1936.1,3,2.5,68.7,38.6642,-122.0295,Z119,451599.38
1342.5,4,2.5,89.6,35.105,-116.1098,Z120,351974.29
1214.1,2,2.0,3.4,40.863,-114.7339,Z123,399526.72
1666.3,2,1.0,20.1,38.7817,-116.1788,Z125,449093.73
1966.6,3,1.0,5.4,40.7676,-119.325,Z101,470988.75
1388.6,2,4.0,27.5,36.2562,-115.7316,Z109,444320.91
2032.6,1,4.0,7.9,32.8229,-122.5264,Z101,499351.79
2226.3,1,2.0,44.2,37.9733,-123.3092,Z108,524362.62
1041.8,3,2.5,31.0,35.7223,-119.8987,Z126,310623.42
1081.5,3,2.5,25.4,36.7578,-122.5939,Z121,319613.63
1429.8,3,1.0,52.3,38.9705,-121.7788,Z125,396533.6
1653.8,1,2.0,20.8,39.1563,-118.3563,Z108,368187.98
1237.7,4,1.0,9.4,32.7618,-120.259,Z112,414928.25
2176.1,3,2.5,29.1,39.8084,-115.4083,Z109,575001.42
1712.0,5,1.5,94.4,37.1884,-122.1311,Z106,487986.82
1519.7,8,2.5,27.6,37.7886,-114.0337,Z112,474933.51
782.0,3,3.5,29.8,35.3309,-120.7264,Z104,251236.54
842.1,2,1.0,81.9,36.4979,-119.0883,Z111,215221.66
1640.5,5,3.5,21.7,39.2486,-123.1105,Z108,409268.4
433.7,3,2.5,120.0,39.8788,-118.4174,Z108,122397.1
2006.3,1,6.0,5.2,36.1775,-114.4065,Z117,476241.19
1420.9,4,4.5,23.1,39.0656,-116.6313,Z123,388594.95
3121.5,1,2.0,7.2,34.9514,-121.9374,Z107,808487.66
2654.0,1,1.0,18.1,40.4042,-119.8526,Z117,523146.0
1409.3,2,2.0,5.6,38.2932,-120.033,Z109,358653.28
1446.8,1,6.0,7.6,39.8643,-123.4715,Z122,375898.59
1997.8,3,3.5,7.1,37.033,-115.1986,Z100,561461.46
2351.6,5,4.5,11.6,34.6765,-120.4947,Z120,546875.27
681.0,4,1.5,4.3,36.5777,-119.3103,Z120,193288.6
606.8,3,5.5,49.7,36.1241,-121.4419,Z109,251314.04
1189.0,3,2.5,7.5,35.6608,-122.8998,Z104,321384.38
1791.4,4,3.5,16.2,34.5157,-115.0278,Z117,468492.85
1748.4,3,2.5,0.5,39.7121,-124.1073,Z129,415827.79
2034.9,3,2.5,3.3,33.3203,-120.3013,Z118,521623.83
900.2,2,1.0,68.0,40.9318,-116.8277,Z112,242324.69
341.9,3,4.5,54.4,34.1627,-121.257,Z105,221085.87
1929.0,4,1.5,55.2,41.8088,-119.8167,Z116,490743.18
1085.9,2,1.0,15.9,41.8904,-118.573,Z129,304017.59
490.8,8,3.5,4.6,36.2847,-114.0516,Z127,211773.13
1572.5,2,1.0,3.4,41.8843,-116.5378,Z121,376882.75
1896.6,1,2.0,27.9,40.7562,-114.3453,Z113,432554.44
1439.0,8,1.0,52.8,33.2831,-117.222,Z105,458861.33
1271.1,2,1.0,69.1,41.4996,-121.6749,Z122,254202.68
1420.3,3,1.5,10.2,32.9039,-121.4814,Z124,331666.63
1314.7,1,1.0,11.6,34.2282,-115.8641,Z115,346988.01
826.0,3,2.5,3.2,38.0537,-120.009,Z108,270572.01
1142.7,6,2.5,44.7,33.267,-120.6126,Z103,355756.11
1760.6,3,3.5,9.7,34.0364,-114.5765,Z117,409950.34
1660.8,2,1.0,19.7,41.5582,-124.3611,Z104,449003.93
1584.0,2,2.0,79.3,41.9495,-118.9878,Z100,361883.72
1002.4,2,6.0,41.9,40.0823,-116.3617,Z128,277494.13
1409.2,4,1.5,1.6,37.3945,-116.7702,Z114,374138.58
411.5,3,1.0,0.2,41.0529,-120.6405,Z111,146292.96
1589.2,1,2.0,46.5,33.563,-118.8757,Z113,398982.19
2214.4,5,2.5,24.1,41.4575,-124.4414,Z127,531155.63
762.9,2,6.0,38.2,35.8398,-118.8843,Z128,236932.9
1207.0,3,4.5,5.1,40.6841,-118.3008,Z120,314776.16
1664.6,3,1.5,61.7,38.8495,-115.3147,Z111,453158.43
2126.4,5,4.5,44.5,41.6226,-122.2873,Z125,533381.06
1275.9,4,4.5,66.4,40.7144,-115.836,Z112,287215.83
1153.9,6,2.5,12.5,40.935,-116.9603,Z102,369512.36
515.5,4,3.5,9.7,38.5017,-117.5067,Z113,210277.52
1551.7,1,1.0,4.9,40.415,-120.3589,Z122,387128.76
2521.0,4,1.5,79.8,39.6927,-120.6419,Z106,516235.33
1638.7,2,3.0,5.8,34.0354,-117.1158,Z102,424291.39
1488.9,2,2.0,3.8,38.6617,-114.1027,Z120,411368.7
1661.0,5,3.5,6.4,33.9077,-120.2438,Z108,467724.17
1494.5,2,1.0,44.3,40.7598,-114.8547,Z103,404876.37
1093.5,2,3.0,66.1,33.1265,-118.3413,Z101,255070.9
1911.6,1,4.0,50.0,41.8769,-115.3843,Z102,512221.14
1612.9,4,3.5,24.9,36.306,-122.2195,Z126,499411.97
1508.8,2,1.0,120.0,34.121,-116.4966,Z100,339653.01
1012.3,4,1.5,2.1,41.3889,-115.7331,Z104,329951.16
2151.8,1,3.0,60.6,32.9315,-115.7622,Z108,567716.31
1832.4,3,3.5,16.7,36.966,-116.2605,Z117,426859.45
1223.5,6,1.5,18.2,39.8172,-121.3059,Z112,311432.58
2000.9,3,3.5,4.1,35.5091,-119.0195,Z118,572245.27
1251.2,1,1.0,1.0,37.5239,-121.3531,Z118,390431.6
1109.0,4,2.5,11.4,39.1539,-120.8989,Z106,355699.11
1120.1,1,1.0,5.8,41.5438,-121.3372,Z127,284300.45
614.5,2,1.0,19.8,33.4757,-121.5156,Z125,225204.71
1735.8,4,3.5,4.8,33.9937,-117.2191,Z106,383810.78
584.4,1,2.0,4.5,37.3343,-117.6722,Z114,163606.96
885.8,3,6.0,62.9,36.4755,-122.3552,Z126,196745.98
462.2,5,1.0,76.3,36.4026,-117.2391,Z116,147216.44
1457.0,2,3.0,99.9,35.3211,-121.4438,Z102,436108.74
1424.8,1,3.0,34.2,37.8265,-122.382,Z116,428799.16
1336.7,5,5.5,44.2,40.8912,-116.6539,Z124,455233.05
978.7,1,2.0,54.2,34.0288,-120.6899,Z129,262328.45
913.9,2,1.0,32.3,34.5452,-118.5218,Z129,271954.16
1732.2,2,2.0,12.0,38.8728,-122.3987,Z122,424384.52
1224.7,2,5.0,5.1,33.0339,-118.0562,Z113,330186.68
1658.2,2,2.0,8.1,38.9008,-122.3161,Z128,450366.16
1057.4,1,1.0,55.1,35.4873,-122.7478,Z104,235079.37
1590.5,2,4.0,35.7,35.8996,-120.4414,Z106,478496.19
2151.6,3,3.5,18.3,36.3527,-116.2044,Z118,610421.79
1793.1,3,3.5,0.9,35.8211,-122.6464,Z118,480283.89
1293.8,1,1.0,9.3,40.4915,-123.2712,Z100,359685.02
1628.6,5,1.5,39.2,41.4877,-124.1677,Z120,405818.49
1379.7,7,1.0,21.5,37.7061,-120.1324,Z122,395487.59
1503.9,3,2.5,17.2,38.0278,-121.5387,Z118,517141.98
1337.2,1,2.0,11.3,33.1696,-121.4329,Z120,302921.62
1417.8,3,2.5,28.0,39.2753,-114.1896,Z125,308603.5
1606.0,1,3.0,101.8,38.0489,-122.4617,Z116,350166.58
1003.3,3,4.5,69.4,32.9787,-119.6865,Z129,369046.43
992.1,3,1.5,0.9,34.385,-114.1431,Z122,290409.54
805.7,1,5.0,19.7,34.4185,-124.1785,Z128,272569.7
699.9,5,3.5,12.0,34.1242,-117.1851,Z126,256442.41
891.4,4,2.5,21.4,38.7571,-120.6036,Z114,241995.58
1579.7,1,2.0,28.0,41.3202,-114.986,Z107,485981.3
1053.6,3,1.5,6.7,39.7483,-114.9246,Z107,388240.19
1756.8,1,2.0,45.6,37.035,-120.4343,Z100,513443.08
1517.4,8,1.5,19.3,36.3385,-122.1746,Z119,423135.22
515.7,1,2.0,120.0,36.1714,-120.006,Z108,159906.82
1827.5,4,2.5,0.8,38.2118,-114.3643,Z101,376125.41
1905.4,3,2.5,6.3,35.9126,-121.5453,Z100,516358.59
1003.1,3,1.5,35.1,34.6482,-114.1962,Z115,296180.81
1710.1,1,1.0,35.6,38.227,-115.8964,Z121,469847.7
1071.8,1,3.0,26.2,36.2117,-121.6918,Z129,327386.2
1548.8,4,1.5,107.2,32.6342,-116.1938,Z128,446855.59
867.8,7,2.5,16.1,32.7112,-123.9771,Z112,350902.39
603.4,1,1.0,16.2,35.1043,-118.7453,Z126,224885.55
1308.6,1,1.0,72.4,37.368,-120.7478,Z110,297985.16
1438.1,2,3.0,23.2,35.8653,-120.0172,Z100,438078.61
1301.2,4,4.5,13.1,32.7285,-119.535,Z105,421148.41
908.0,2,1.0,38.1,34.6199,-119.2215,Z100,268906.14
1300.1,3,1.5,29.0,33.416,-117.6077,Z105,354510.91
1634.6,3,2.5,11.0,41.512,-117.1838,Z108,433679.65
1477.6,1,1.0,10.6,35.4719,-114.2551,Z112,410600.21
1591.3,3,2.5,15.1,32.6403,-116.4908,Z115,359051.7
1164.9,2,6.0,2.2,38.7754,-117.2781,Z120,370651.74
2085.9,4,1.5,85.7,34.7083,-120.3792,Z119,524650.25
911.9,4,1.0,6.1,37.884,-123.263,Z123,304184.21
1743.8,2,1.0,6.5,33.9321,-123.8827,Z103,514997.26
2090.9,1,3.0,31.2,41.8481,-119.4843,Z119,500024.44
1740.5,3,1.5,38.6,41.7175,-117.4833,Z110,488715.8
1398.7,2,1.0,40.0,38.7318,-117.6733,Z112,310102.26
1235.9,5,2.5,14.1,39.2184,-114.495,Z124,372002.97
2018.0,3,1.5,62.0,36.5458,-120.4845,Z100,578431.89
788.5,3,2.5,23.6,41.6407,-117.9083,Z127,308255.2
1014.9,7,3.5,17.3,36.5255,-115.1773,Z102,427222.14
1301.2,4,3.5,49.9,34.7749,-120.2572,Z110,321737.93
2118.8,2,1.0,8.4,33.5961,-119.4837,Z119,585393.54
1689.9,4,2.5,59.0,34.4772,-114.8088,Z107,432258.94
1016.0,3,3.5,23.2,37.936,-118.7225,Z100,319379.73
1344.8,3,3.5,69.1,34.8284,-116.1041,Z118,369083.5
1192.8,6,3.5,6.8,38.7154,-114.6759,Z113,407432.75
1145.1,2,1.0,82.5,36.1308,-118.5039,Z129,300244.2
1989.4,1,2.0,34.9,40.9253,-123.3535,Z117,459352.18
814.1,3,5.5,28.9,37.8055,-115.8722,Z105,297431.61
2304.4,3,3.5,16.4,38.4147,-115.9133,Z127,620888.56
1914.1,1,1.0,93.9,37.7873,-123.2927,Z108,396295.52
2045.4,3,1.0,17.6,40.9129,-118.7448,Z125,513250.61
1268.5,1,3.0,20.7,33.1025,-119.3856,Z128,366376.14
1425.0,2,1.0,45.6,33.1398,-115.6048,Z108,276897.01
783.4,4,1.5,10.1,39.1665,-121.6164,Z114,242769.58
1237.7,6,1.0,10.3,39.7957,-120.0241,Z125,384868.02
1746.8,3,1.5,44.8,36.6191,-118.1497,Z104,457367.78
2148.0,3,2.5,4.1,35.8469,-119.0689,Z118,622908.92
946.4,1,1.0,51.9,35.1405,-114.4721,Z123,334952.68
1317.2,7,2.5,29.4,34.7268,-114.4131,Z108,248794.73
1424.4,3,1.0,23.2,41.1636,-123.6435,Z108,313939.54
802.1,4,2.5,7.8,35.3038,-121.3726,Z126,269492.74
1795.7,5,2.5,46.3,38.6567,-124.4209,Z116,448059.14
1138.0,2,1.0,49.0,39.9774,-120.1125,Z127,308944.24
1402.3,1,1.0,19.8,32.7087,-117.5475,Z114,346582.05
1274.0,1,2.0,14.8,32.8218,-119.5515,Z125,311316.65
1105.3,1,2.0,8.5,35.6648,-123.7946,Z120,276092.22
1496.5,2,1.0,42.1,39.1121,-122.4425,Z128,352303.87
1392.2,2,3.0,30.6,34.9776,-122.6804,Z109,401439.72
1314.1,3,2.5,6.9,32.5141,-119.1332,Z127,299003.54
1135.8,2,1.0,47.5,35.2374,-117.3844,Z108,251809.15
1659.8,3,2.5,64.2,33.3562,-121.1786,Z126,383344.88
2326.8,3,3.5,1.8,34.5844,-123.1302,Z118,647834.83
1569.9,6,2.5,44.4,35.6653,-116.1147,Z106,472499.33
1998.1,4,5.5,57.5,33.7165,-115.4872,Z124,526866.22
804.9,4,1.5,120.0,39.2105,-121.5969,Z129,211438.28
1578.9,1,1.0,8.1,34.9312,-120.0821,Z112,366561.57
951.3,1,2.0,13.9,38.7804,-123.6397,Z101,288695.05
761.5,4,2.5,101.6,38.1908,-122.1092,Z117,206410.45
1130.3,2,3.0,3.0,41.0314,-116.4465,Z120,274801.7
2095.9,7,1.0,22.3,33.3354,-120.6654,Z107,517089.14
1975.0,3,1.5,21.2,34.5388,-118.1507,Z125,472306.21
1621.5,1,2.0,28.0,40.7192,-114.5651,Z120,357658.82
733.6,1,1.0,12.0,40.3102,-116.9018,Z107,271433.58
1401.9,4,3.5,78.1,34.325,-119.7388,Z119,427596.51
1650.9,3,4.5,9.4,33.5235,-120.6478,Z108,454843.76
1587.8,4,3.5,31.5,40.6343,-122.4995,Z112,407409.18
578.1,3,4.5,20.6,34.1923,-116.5605,Z119,218443.32
1054.8,2,3.0,9.3,40.7755,-123.3195,Z120,265515.74
1468.0,1,2.0,6.3,41.6306,-123.8554,Z127,368452.84
1768.1,1,1.0,94.1,34.5977,-123.3993,Z111,292549.5
401.9,3,1.5,24.7,40.4837,-121.9495,Z127,224049.5
1418.9,3,1.0,27.8,36.5264,-117.9152,Z106,326226.51
1571.5,3,1.5,45.8,39.9934,-115.456,Z124,367714.68
1924.8,1,1.0,2.5,36.3703,-114.0775,Z120,423158.49
1846.4,6,1.0,37.5,33.1688,-116.8194,Z129,541587.65
1791.3,2,2.0,5.4,39.2706,-122.9672,Z122,400656.98
1100.0,2,4.0,40.5,33.9315,-121.5841,Z112,215079.6
546.0,5,2.5,4.6,41.3067,-123.1141,Z112,207854.29
1303.5,4,3.5,53.6,36.4686,-123.2867,Z103,398200.33
2000.8,4,3.5,34.3,33.279,-118.5388,Z101,453610.39
2196.7,2,1.0,14.6,34.6706,-114.9794,Z101,487978.98
1855.3,8,3.5,13.3,40.6939,-117.3146,Z104,476327.03
1714.7,5,1.0,4.8,35.5503,-116.0932,Z101,449936.57
1689.8,5,2.5,70.3,40.6351,-119.165,Z129,405588.76
1221.9,7,1.5,3.8,34.1367,-119.5091,Z114,312190.67
1435.0,2,3.0,19.2,36.9481,-114.6564,Z101,389783.27
2334.5,2,2.0,8.1,40.8435,-116.9194,Z101,525948.77
1028.7,3,1.5,120.0,32.9598,-119.6769,Z119,270023.89
2307.4,6,1.5,26.4,35.3906,-121.0079,Z107,683104.99
1339.0,2,3.0,4.9,41.1436,-123.5222,Z122,355881.33
2162.7,6,2.5,33.0,38.167,-115.8797,Z104,468841.6
796.6,6,2.5,120.0,39.3042,-122.7221,Z115,206567.36
1793.0,4,5.5,27.9,40.5002,-119.0923,Z122,462639.48
1131.6,5,2.5,18.3,37.4742,-117.8086,Z121,399555.69
792.4,4,2.5,10.4,40.531,-116.6872,Z123,208817.14
1609.3,2,1.0,2.9,38.5683,-123.6249,Z113,369394.68
2004.7,2,2.0,7.8,39.0137,-124.3878,Z107,581875.53
1077.5,6,2.5,24.2,33.9521,-117.0869,Z122,291606.44
750.5,5,1.5,42.0,41.4207,-119.7289,Z120,190672.59
1454.1,2,1.0,63.1,40.0628,-122.5981,Z121,314014.87
1456.3,2,3.0,47.4,34.9149,-114.1887,Z110,429828.92
1774.2,4,1.5,4.0,38.0099,-116.1908,Z110,429599.22
1974.8,3,1.0,44.5,36.0764,-118.4256,Z125,480134.55
1470.3,3,2.5,26.1,38.7738,-117.1279,Z107,449847.24
2427.8,6,1.5,19.0,41.9406,-122.8723,Z122,587686.46
1612.1,3,3.5,25.5,32.9346,-114.3966,Z115,429675.82
1326.8,4,4.5,0.2,41.549,-114.0381,Z120,332866.4
694.2,4,5.5,2.1,33.1877,-117.6913,Z125,323861.98
1368.7,4,1.5,22.4,36.8773,-117.4827,Z107,432324.6
1331.8,4,5.5,5.7,37.08,-117.1032,Z119,370565.32
1980.2,5,1.5,23.7,35.0529,-117.5092,Z128,499795.38
1731.2,1,1.0,13.1,37.8836,-119.8953,Z121,511931.72
910.3,3,3.5,71.4,40.4227,-118.8229,Z119,313414.22
1586.1,1,1.0,89.7,35.2926,-121.5314,Z111,359970.36
1835.8,3,1.5,117.0,33.1688,-119.8081,Z104,361836.53
2264.0,8,2.5,68.8,38.5067,-119.9209,Z125,635540.33
1943.8,3,4.5,120.0,39.6416,-121.4745,Z102,414671.96
1880.4,3,1.0,36.7,41.568,-116.2396,Z117,437861.29
1530.0,2,1.0,97.0,34.0155,-120.1984,Z126,385629.4
1694.2,2,3.0,30.8,41.0629,-118.707,Z100,450438.65
2124.8,1,1.0,49.7,37.0802,-122.861,Z118,553124.99
833.6,4,3.5,4.2,34.7397,-119.5128,Z112,228523.48
1325.3,4,2.5,34.4,41.6461,-116.5047,Z110,411356.29
1113.7,5,2.5,80.3,34.7651,-119.8325,Z100,370100.88
1689.6,6,2.5,23.3,39.4677,-118.6437,Z129,470728.04
2115.1,2,1.0,6.2,39.9564,-117.1321,Z121,579035.87
1201.5,2,6.0,22.5,36.5899,-120.4158,Z126,389330.58
304.8,2,1.0,36.8,39.0549,-120.7905,Z117,122169.83
1293.9,2,1.0,44.1,37.9385,-123.5997,Z118,398014.0
1956.7,1,2.0,22.3,34.3243,-118.3861,Z112,421626.21
1768.8,2,3.0,7.4,39.7189,-117.0769,Z107,483415.65
1714.1,4,4.5,78.4,41.3162,-118.3968,Z120,364985.64
1360.0,4,2.5,44.6,37.1421,-121.523,Z127,434962.77
860.5,3,1.0,9.5,41.9459,-121.7455,Z117,234075.44
1757.6,2,1.0,50.1,36.5657,-122.8254,Z101,430733.92
1082.9,2,1.0,12.8,37.0575,-124.0066,Z118,320239.71
2592.0,2,5.0,11.2,38.902,-120.0178,Z118,634290.26
1785.3,1,1.0,59.7,34.2648,-122.8145,Z123,453716.93
1209.7,2,3.0,62.0,41.0685,-117.2466,Z104,357427.13
1194.3,3,1.5,15.2,40.1121,-114.4018,Z107,391885.05
1453.5,2,3.0,0.3,40.788,-123.7284,Z119,354956.25
1380.2,3,2.5,6.2,38.2908,-115.124,Z124,400539.64
2058.4,5,2.5,72.0,40.8956,-117.594,Z102,625841.15
1593.2,5,3.5,68.7,38.9597,-115.4671,Z101,382610.49
1134.2,1,3.0,18.1,37.3598,-122.8729,Z105,292894.3
2445.2,3,3.5,10.9,41.352,-114.9819,Z126,551278.51
1524.7,6,4.5,10.8,36.6773,-114.4423,Z115,443724.36
1884.4,3,1.0,68.2,37.2554,-114.9795,Z114,391208.67
1195.9,3,3.5,11.8,34.1107,-116.2523,Z103,401970.82
1681.6,1,3.0,21.5,41.5028,-123.5518,Z101,394833.04
1655.6,2,1.0,39.4,34.6,-122.1823,Z113,427191.99
555.2,1,3.0,7.1,34.4135,-114.9121,Z105,220074.38
2507.6,2,1.0,8.8,33.4613,-122.091,Z119,536336.15
2145.3,4,3.5,13.3,36.8069,-120.849,Z125,601143.17
1301.4,5,1.0,31.9,35.0993,-123.97,Z126,416295.59
948.9,6,1.0,51.0,39.5374,-117.905,Z119,364654.37
1673.8,6,1.5,23.7,35.4215,-118.5853,Z128,486730.87
1543.3,6,2.5,4.3,39.3473,-114.4014,Z125,461749.06
1677.8,3,1.5,17.7,34.3616,-115.1304,Z103,455229.3
1595.8,3,6.0,4.1,34.6847,-119.1876,Z119,455566.85
1753.1,5,3.5,2.8,40.1587,-118.102,Z123,542754.89
2223.7,2,5.0,26.7,36.0254,-120.1614,Z100,603011.39
1784.1,4,2.5,93.9,33.5619,-123.1092,Z124,443264.85
975.2,4,3.5,54.5,41.6333,-115.3882,Z113,365697.9
2181.3,4,4.5,44.7,34.1852,-118.7298,Z102,572221.68
2320.3,5,1.5,39.0,33.9269,-120.0334,Z120,556253.63
3076.0,4,4.5,68.2,35.9046,-123.7811,Z120,645745.51
938.3,6,1.0,41.9,33.4085,-117.5135,Z103,317310.38
1621.4,3,1.5,29.6,33.9784,-120.3035,Z119,396166.02
459.0,1,1.0,13.6,40.5412,-121.8362,Z122,98122.92
1776.6,2,3.0,3.2,34.1293,-115.2941,Z113,459244.78
1225.9,5,2.5,18.5,33.5586,-122.5719,Z119,368607.43
2461.7,1,2.0,77.6,40.8596,-119.0923,Z125,594890.24
1112.7,2,2.0,26.2,36.7161,-116.1446,Z118,308489.44
655.4,7,4.5,6.1,33.993,-115.5847,Z126,342374.81
1264.4,2,1.0,31.4,38.0244,-115.9036,Z108,278000.87
512.3,5,3.5,18.8,32.8943,-115.0854,Z113,241175.41
1875.5,4,2.5,80.4,36.5601,-123.0052,Z103,457968.04
467.5,2,1.0,5.3,38.108,-114.6252,Z103,237131.62
1514.2,2,1.0,37.3,41.5926,-124.3866,Z125,436523.73
461.1,1,1.0,34.3,35.6014,-121.813,Z111,76859.38
1339.9,1,1.0,120.0,39.768,-123.6176,Z107,367325.47
2321.7,2,2.0,25.0,33.7606,-114.5719,Z127,646982.82
1680.3,3,3.5,61.6,36.619,-120.0487,Z115,396959.36
1068.3,3,2.5,0.8,34.6198,-121.1897,Z110,412775.74
1484.4,2,2.0,3.9,37.1784,-122.7456,Z106,420882.5
1509.0,3,6.0,12.7,36.4637,-122.8639,Z119,449424.23
1736.3,2,1.0,29.0,41.808,-118.0537,Z113,424887.77
816.6,5,1.0,17.9,41.2162,-124.0056,Z123,283219.73
1796.3,2,2.0,6.8,38.031,-118.2595,Z109,429914.62
300.0,3,3.5,26.7,34.1768,-116.3662,Z101,120459.91
1185.1,1,1.0,25.1,37.7911,-118.1893,Z128,403836.29
1255.9,4,1.0,22.3,40.0248,-115.8209,Z112,274929.37
1816.7,1,2.0,2.8,32.8613,-121.7148,Z108,429810.7
1511.3,1,1.0,78.5,36.6233,-123.6897,Z117,318031.53
797.2,6,2.5,26.9,32.9051,-116.9296,Z129,273224.5
1007.5,3,1.5,9.2,34.8176,-115.8046,Z109,292747.47
1599.3,4,1.5,34.9,33.3751,-119.2324,Z113,364198.05
1460.5,5,2.5,11.5,41.6255,-115.8835,Z129,415255.05
1210.4,8,3.5,21.1,34.1039,-119.6918,Z102,399526.17
1259.6,7,1.5,12.5,33.926,-122.4155,Z128,401819.88
1848.1,3,2.5,63.7,41.7345,-119.5189,Z121,440965.81
1241.2,3,2.5,120.0,37.4017,-122.2325,Z106,370446.67
1456.0,1,4.0,5.3,39.7009,-119.5437,Z124,398161.68
2585.0,7,1.5,0.7,35.6095,-122.9507,Z123,688254.25
788.2,8,1.5,7.4,37.5622,-122.5516,Z110,359033.69
574.1,1,2.0,26.7,32.5651,-115.2294,Z105,187667.62
1891.8,5,1.0,5.7,36.3838,-123.2835,Z114,418775.15
1160.7,3,1.5,50.1,37.7734,-122.1451,Z114,309496.31
1340.9,5,1.5,15.8,37.3869,-114.047,Z107,493058.38
1109.4,2,1.0,28.3,36.3553,-118.4518,Z126,350575.96
1370.1,3,4.5,18.2,39.9851,-118.3489,Z128,290433.35
2299.3,4,1.5,70.1,37.2656,-115.6278,Z126,548615.08
1901.1,6,5.5,1.1,38.5431,-118.9946,Z120,497810.18
1931.1,1,2.0,39.2,34.2539,-122.1713,Z125,446991.01
791.9,7,2.5,31.7,40.6843,-120.0641,Z125,237448.2
924.4,3,2.5,31.5,35.9469,-116.5725,Z112,235330.08
300.0,4,4.5,16.0,37.08,-115.3393,Z129,176209.65
1095.3,6,1.0,0.5,35.8459,-121.6314,Z111,318867.01
1978.4,2,1.0,35.1,40.9731,-121.7493,Z111,433308.26
1758.5,1,4.0,53.1,41.057,-121.0601,Z108,374380.0
1389.2,1,1.0,2.7,34.6307,-118.2398,Z119,329490.79
1488.8,4,4.5,17.5,39.6508,-121.5757,Z116,380095.63
1155.6,3,2.5,5.3,33.4774,-115.1221,Z114,271601.01
1602.4,3,2.5,28.3,32.7836,-114.2309,Z112,414516.75
1882.9,4,1.0,46.2,40.4475,-117.3692,Z113,433806.46
692.1,5,2.5,33.0,33.7462,-114.3119,Z107,296309.47
1649.8,1,2.0,11.5,33.9704,-121.4776,Z120,374370.74
1966.2,7,2.5,4.5,38.2626,-115.9407,Z112,505303.81
1292.4,6,3.5,47.4,40.2593,-117.3763,Z124,415646.47
1850.4,2,3.0,11.7,34.3012,-121.7365,Z102,473618.87
2907.3,3,3.5,0.7,33.5848,-121.1567,Z124,748487.07
1447.8,4,4.5,25.4,33.2346,-119.3694,Z107,479346.06
1696.7,1,2.0,8.5,32.736,-116.1877,Z129,382909.32
1131.0,4,3.5,55.2,33.6066,-115.3417,Z105,394174.04
1590.6,7,2.5,4.6,41.4556,-117.8436,Z110,415258.26
1730.1,1,1.0,17.1,33.4052,-116.9234,Z109,504698.18
1597.4,3,4.5,8.8,38.1768,-121.7296,Z125,498611.28
990.2,1,4.0,35.1,41.2492,-116.7187,Z126,272892.73
1603.2,4,5.5,23.9,38.4643,-118.1477,Z107,478228.51
2231.1,4,3.5,47.0,32.8111,-122.1593,Z107,547759.81
1724.3,2,4.0,18.4,38.1659,-114.523,Z122,405149.03
1981.0,6,1.5,0.1,41.0791,-119.115,Z129,571965.51
1381.5,3,2.5,7.3,35.5643,-116.1581,Z106,404886.6
1875.0,4,3.5,120.0,35.4795,-118.9811,Z118,408396.98
1639.6,2,1.0,15.6,34.8642,-114.7042,Z122,416088.16
1024.5,5,1.5,29.0,37.3027,-123.0166,Z111,288815.09
1659.3,3,2.5,70.6,34.7605,-118.7654,Z102,396331.67
1004.2,4,2.5,0.6,39.376,-124.2359,Z110,410453.42
1183.6,3,3.5,32.3,38.6262,-122.4274,Z112,351450.65
1594.7,3,2.5,10.2,36.3073,-121.5492,Z115,407502.42
1648.6,6,3.5,9.8,39.3643,-119.5376,Z108,459336.04
905.4,1,1.0,7.6,33.4357,-115.8882,Z126,338326.61
2027.0,4,1.5,51.9,39.6205,-119.6001,Z115,519763.33
1786.0,1,1.0,14.0,38.2276,-118.6075,Z104,348930.7
1147.6,1,2.0,2.1,38.4858,-114.7974,Z126,315247.75
731.2,4,5.5,3.1,33.1143,-116.5564,Z107,241963.92
1427.5,3,1.0,4.8,38.3723,-123.9729,Z111,334682.82
1277.0,1,1.0,68.8,37.1942,-122.6471,Z102,258287.69
1556.6,2,1.0,16.7,37.1157,-124.0987,Z102,420323.27
1318.4,2,1.0,74.3,35.5576,-123.7749,Z112,341752.0
496.3,2,2.0,51.0,32.5723,-120.942,Z102,195355.39
1305.8,3,3.5,54.6,36.5151,-116.8575,Z128,319461.64
1347.2,4,2.5,10.1,36.3087,-121.9343,Z123,406430.53
1816.8,7,1.0,9.5,36.5167,-120.381,Z108,485750.83
1150.9,2,2.0,24.6,38.3139,-120.3643,Z128,364992.06
2339.3,7,1.5,16.2,35.3491,-118.3018,Z129,569291.78
544.2,1,2.0,21.3,35.0591,-115.1244,Z122,183657.81
2155.6,3,3.5,1.6,37.2289,-114.1761,Z100,528743.26
1387.8,6,2.5,106.8,38.127,-118.1516,Z105,347134.17
1929.8,2,2.0,1.8,37.8896,-119.1968,Z118,556054.74
1539.9,1,1.0,5.9,40.8756,-117.3403,Z115,454759.87
2069.8,2,1.0,34.0,39.8069,-117.4857,Z100,492396.75
1306.3,6,1.5,5.1,32.9958,-118.9986,Z109,462116.62
950.7,3,1.5,3.4,37.853,-116.762,Z129,309058.23
2210.3,2,1.0,5.0,36.4692,-119.3417,Z101,487224.34
1443.3,6,5.5,1.9,35.93,-114.0372,Z128,450915.07
1610.8,3,3.5,8.7,41.6,-123.9855,Z127,484949.15
2117.4,1,3.0,9.5,36.8396,-119.8462,Z102,562550.55
984.0,3,1.0,20.7,39.3346,-120.3312,Z106,371814.16
1797.7,4,1.5,17.3,41.6873,-116.4118,Z105,424225.81
1205.1,5,4.5,19.3,33.9345,-122.4963,Z114,367880.39
1433.9,5,1.0,28.7,33.0189,-119.9422,Z101,402500.32
1536.1,1,3.0,7.9,35.4794,-117.1716,Z127,491167.8
749.9,2,2.0,4.3,32.9222,-118.1665,Z120,195449.89
1110.6,7,2.5,63.3,33.6093,-118.7762,Z116,372412.58
2175.5,3,2.5,30.1,41.9212,-119.933,Z118,614465.25
1943.1,3,4.5,1.9,41.6217,-116.6039,Z113,531415.8
1468.7,2,1.0,97.4,39.0673,-117.7125,Z116,337910.05
1621.6,2,2.0,35.4,39.6534,-115.3155,Z118,430698.03
1352.9,2,1.0,4.9,33.8347,-116.8035,Z101,367387.45
2178.3,4,4.5,104.3,38.1547,-123.0257,Z115,576328.65
1399.8,6,2.5,13.6,33.9669,-117.9949,Z119,461951.64
1615.9,8,4.5,120.0,36.0947,-124.0323,Z120,450141.09
2073.0,3,3.5,3.3,35.7808,-120.4326,Z115,498910.5
1111.3,3,4.5,5.2,38.3326,-120.1747,Z102,342214.19
2279.4,2,1.0,32.1,33.2571,-115.5237,Z125,486497.02
734.8,2,4.0,0.7,33.4829,-122.6061,Z113,347863.17
2314.8,6,3.5,0.6,38.2944,-117.7428,Z120,559268.46
1313.7,1,1.0,47.1,38.5431,-122.4799,Z126,386884.87
1378.7,4,1.5,5.5,35.7289,-114.539,Z106,374018.44
555.0,6,5.5,75.3,33.8953,-118.9403,Z109,254100.76
1272.6,2,1.0,16.6,40.9178,-117.0638,Z128,298260.06
980.1,3,1.0,62.1,33.003,-117.7113,Z108,217271.09
1196.2,1,2.0,16.2,39.3151,-121.3118,Z107,359188.26
1431.3,5,3.5,22.7,33.8304,-115.0374,Z114,381666.75
1978.9,1,2.0,11.4,38.5551,-117.9139,Z111,442945.98
1603.8,3,3.5,32.2,38.8047,-119.1417,Z127,430168.81
1653.8,3,2.5,11.5,40.1405,-118.9522,Z105,427284.92
952.2,4,2.5,7.6,36.2527,-115.1477,Z114,297601.05
1059.6,2,3.0,2.5,32.7071,-123.8792,Z114,311391.39
2399.4,2,2.0,1.8,40.205,-120.4148,Z129,592570.8
1132.4,4,3.5,11.0,36.7186,-115.6629,Z124,373591.33
2328.1,1,3.0,40.0,40.5474,-124.1061,Z107,566364.16
1378.5,3,1.0,6.9,39.8719,-117.7886,Z111,307460.82
1501.1,3,3.5,10.7,37.2339,-120.2657,Z119,434095.11
2035.2,7,1.0,70.7,41.9943,-122.3519,Z126,559690.43
2135.9,3,2.5,30.6,36.8897,-118.0802,Z101,545279.45
1444.6,2,4.0,75.7,39.1168,-115.7739,Z108,326193.83
1305.9,2,1.0,72.6,38.8631,-119.5929,Z121,301869.09
1472.0,1,3.0,2.0,37.4216,-122.9593,Z125,310692.3
1669.0,1,1.0,93.0,38.0608,-121.2854,Z107,464519.06
1945.7,3,2.5,1.6,40.0868,-114.1958,Z107,524791.36
1502.1,2,3.0,78.0,37.9303,-123.3335,Z103,347705.19
1809.4,3,3.5,23.7,36.7764,-122.8125,Z125,450517.38
2319.2,6,4.5,22.9,38.7898,-114.1031,Z104,554069.94
1690.7,2,2.0,37.5,32.8373,-115.2379,Z116,373812.01
1655.8,3,1.5,63.4,33.5373,-117.0751,Z124,449596.43
740.5,2,6.0,28.8,33.6916,-122.9147,Z106,247284.22
300.0,3,2.5,16.6,36.5448,-121.9742,Z100,228898.76
1694.2,1,2.0,3.6,40.7819,-122.6081,Z126,425841.43
1452.6,1,2.0,46.7,38.6113,-117.875,Z109,355853.72
1242.6,1,2.0,4.1,41.7399,-120.3119,Z125,286831.47
1621.8,1,1.0,38.9,32.8794,-123.9983,Z113,395424.16
1469.8,3,4.5,22.5,39.3591,-121.4414,Z118,444829.68
2063.9,6,1.5,14.6,35.4849,-115.4631,Z108,498909.34
1543.1,5,4.5,28.5,32.7212,-116.1416,Z110,469568.14
1126.5,3,6.0,44.4,40.3463,-117.7484,Z126,366169.84
1995.1,3,3.5,85.0,34.0456,-123.6018,Z111,485032.16
1391.4,4,3.5,9.2,34.5337,-115.2307,Z100,421484.0
1763.3,2,1.0,88.2,35.7344,-118.8876,Z121,432065.84
1261.3,3,3.5,97.3,39.9894,-119.307,Z120,366240.91
1175.1,5,4.5,50.4,38.4336,-114.6923,Z129,458806.33
1542.1,6,3.5,64.0,35.0162,-124.4071,Z119,422199.08
1506.4,1,1.0,35.4,34.1006,-118.6631,Z116,399960.76
1739.9,4,2.5,1.2,33.5407,-116.1919,Z122,403559.44
1365.7,3,3.5,25.7,33.9233,-123.8313,Z100,438388.48
581.8,4,2.5,41.3,40.7474,-120.7497,Z100,323814.43
1283.6,2,2.0,85.3,41.2655,-114.2364,Z117,310856.34
1896.9,5,1.5,25.4,41.6956,-122.2762,Z108,465391.68
1351.3,1,1.0,47.4,40.43,-118.9226,Z116,234617.85
1376.8,4,1.0,36.6,40.9302,-116.6663,Z123,370061.29
1993.2,5,1.5,9.9,40.253,-120.4011,Z112,473203.63
1144.0,1,1.0,5.0,41.6015,-120.2173,Z116,251014.81
728.6,1,4.0,41.7,40.5337,-123.8357,Z110,261299.78
1419.7,4,1.0,8.0,36.889,-122.504,Z116,376096.75
1257.9,1,1.0,8.4,35.5709,-115.2536,Z108,211953.3
1016.9,4,1.0,31.0,38.05,-115.9077,Z123,258512.56
1412.3,3,1.0,46.7,38.2777,-121.3013,Z113,428031.54
1745.8,4,2.5,26.2,37.9617,-120.492,Z100,478383.88
1495.4,5,3.5,64.9,39.2139,-119.8757,Z122,368594.56
1653.5,4,5.5,7.1,39.1403,-120.8676,Z107,518063.51
2406.7,3,1.0,8.7,33.3283,-117.6339,Z101,601228.43
1328.6,5,1.0,30.4,35.2125,-124.3653,Z103,336550.42
1639.2,6,1.5,53.0,40.9537,-115.2582,Z117,355056.94
1245.4,4,1.0,23.3,38.1053,-121.3432,Z112,311983.92
1076.8,2,1.0,0.3,35.621,-115.3401,Z113,367619.25
1207.5,1,2.0,33.9,40.5794,-119.7289,Z121,395739.26
1260.6,1,1.0,50.4,34.8659,-116.3485,Z120,282670.47
1679.7,1,4.0,9.7,36.3874,-115.8293,Z110,480321.6
2674.5,2,2.0,1.7,35.1244,-121.3365,Z110,636866.37
1142.0,2,1.0,21.9,40.7778,-117.7766,Z120,270690.04
1291.7,3,1.5,1.3,39.4187,-118.1222,Z127,394729.55
1468.4,5,4.5,16.1,36.8721,-119.5019,Z129,377256.39
1697.9,4,5.5,0.5,41.3569,-119.5695,Z107,525995.51
1631.8,2,1.0,7.6,41.3107,-121.2954,Z111,403519.21
2142.0,4,2.5,14.8,39.2595,-121.243,Z128,577855.75
300.0,3,1.5,3.6,40.9739,-118.7444,Z100,152663.53
306.5,1,2.0,3.6,39.3342,-124.1612,Z125,121247.24
1252.1,2,1.0,52.6,38.468,-114.6965,Z115,297343.8
2048.7,1,1.0,1.3,36.4974,-117.6752,Z117,466136.71
717.2,3,2.5,35.0,35.098,-119.8438,Z100,282644.02
300.0,4,2.5,50.5,33.0724,-123.851,Z119,229946.55
1785.6,7,1.5,4.2,40.1083,-117.8849,Z117,470047.21
1621.8,4,2.5,6.5,33.6605,-124.3137,Z109,513757.65
954.9,2,4.0,30.8,36.3983,-117.3614,Z110,374741.5
1007.2,2,3.0,11.4,34.729,-123.7385,Z122,252410.6
1015.1,3,1.0,19.4,36.8189,-117.6109,Z115,295668.89
1555.3,3,2.5,54.2,35.4923,-120.2382,Z127,431848.71
1186.8,1,1.0,4.5,40.3821,-117.5424,Z104,311382.13
1747.0,3,2.5,29.0,41.7927,-123.0458,Z120,432431.79
300.0,3,1.0,85.6,41.4448,-123.2675,Z100,180937.6
1071.6,3,2.5,1.8,38.4125,-121.902,Z117,286177.41
937.0,3,4.5,1.9,41.8031,-120.1791,Z120,278624.44
1371.8,3,3.5,24.3,36.3069,-121.8432,Z106,484368.54
1231.0,5,3.5,96.6,37.4636,-123.6388,Z100,365996.0
1898.9,3,1.5,7.5,34.9401,-121.0872,Z122,438408.87
570.3,2,2.0,12.0,41.0308,-117.0895,Z126,208048.84
1522.7,4,3.5,3.1,34.2072,-118.3776,Z127,490148.38
1779.2,3,5.5,13.5,38.2996,-114.3851,Z101,472415.39
2428.3,1,1.0,1.4,40.0948,-119.9228,Z101,543393.01
1259.1,1,1.0,14.8,38.1563,-121.0056,Z124,318101.28
1662.2,4,1.5,24.3,33.2484,-117.2164,Z115,441101.19
598.1,3,2.5,110.7,38.3087,-120.1744,Z107,255882.42
304.0,2,2.0,51.2,39.7873,-118.0078,Z109,123798.45
1922.4,5,2.5,51.8,34.2844,-114.564,Z119,542724.88
1497.2,7,4.5,7.8,39.5011,-119.2585,Z115,405733.86
2089.3,1,1.0,2.7,40.8465,-119.2692,Z104,547307.49
813.3,4,1.5,27.7,41.8714,-116.3608,Z124,268255.93
1760.0,2,1.0,22.1,36.3956,-116.5612,Z103,518441.49
2434.4,3,1.5,21.8,32.739,-119.0796,Z125,582087.42
1709.9,2,4.0,3.5,36.4813,-123.8204,Z112,482924.57
1638.3,1,1.0,20.4,38.7722,-114.2017,Z127,492432.99
1504.3,3,1.0,4.9,40.968,-120.5381,Z107,452556.99
714.6,4,5.5,16.5,41.412,-121.1746,Z112,221117.62
2177.8,1,3.0,1.9,41.141,-114.1938,Z104,464867.08
1194.6,1,2.0,58.3,38.7506,-115.3426,Z116,294271.46
1752.2,1,2.0,0.4,38.984,-121.0327,Z114,397081.53
718.5,3,3.5,84.1,32.5226,-121.2628,Z106,298457.77
910.3,1,2.0,59.6,35.9554,-116.93,Z109,270040.44
2217.5,2,5.0,41.9,41.1151,-120.9897,Z126,596500.95
1326.3,5,3.5,120.0,39.0514,-121.86,Z126,398233.18
2226.6,3,3.5,1.7,36.9452,-114.2135,Z102,598790.88
1460.9,5,2.5,30.8,33.4904,-118.56,Z122,403143.0
579.1,3,3.5,56.8,34.84,-116.4938,Z123,269198.27
1946.0,5,1.5,4.1,37.7718,-117.0129,Z115,520846.14
1205.1,4,1.5,26.4,41.0263,-116.567,Z119,422421.43
1849.3,7,3.5,15.0,33.4102,-115.0144,Z126,629425.49
1512.6,2,2.0,17.2,33.9607,-119.2419,Z114,392855.9
728.4,4,1.5,73.1,38.7225,-116.5895,Z129,223393.26
1582.1,2,1.0,23.2,35.2944,-116.1335,Z105,430747.57
2598.1,3,1.5,2.9,34.1122,-114.563,Z109,674123.25
1746.5,2,2.0,83.0,34.1951,-117.0125,Z106,423255.38
1471.2,1,2.0,6.1,37.1798,-115.1275,Z123,477712.23
2037.7,8,1.5,66.9,38.0456,-123.5021,Z118,611145.69
1605.3,2,3.0,106.1,41.0913,-123.176,Z122,359952.99
1604.8,1,3.0,63.1,37.5333,-122.8374,Z104,372947.64
954.2,5,2.5,33.9,39.0671,-122.9795,Z106,291489.54
1616.9,3,2.5,40.8,34.2165,-123.5811,Z121,433608.69
2017.7,1,2.0,36.1,39.2779,-123.213,Z128,505785.86
1082.0,1,2.0,18.5,38.6626,-114.0429,Z120,252072.35
2212.2,3,3.5,9.6,34.5537,-121.6421,Z102,534543.84
1454.1,5,5.5,10.1,38.8591,-119.4805,Z125,466082.72
1056.1,1,2.0,39.4,34.5092,-115.873,Z101,249871.16
1998.8,1,2.0,29.5,38.139,-123.2578,Z118,468340.17
1356.6,4,1.5,26.4,38.8541,-121.1677,Z101,368013.99
1879.8,5,1.0,31.7,39.0868,-122.8275,Z129,430055.78
1354.1,5,2.5,44.7,41.138,-123.8432,Z118,410288.44
1470.1,6,1.0,41.4,41.5045,-114.4121,Z117,418983.65
1746.8,4,3.5,3.3,40.1969,-115.4872,Z100,538524.59
1645.4,1,3.0,13.5,40.8481,-115.2674,Z108,409884.14
502.2,2,2.0,9.2,32.6836,-115.3789,Z125,195555.95
939.4,3,1.0,23.2,35.9453,-122.877,Z120,161596.21
1964.7,5,3.5,1.9,32.8774,-116.2575,Z115,508755.52
1433.9,1,3.0,43.1,34.636,-116.8574,Z129,356691.15
1238.1,4,3.5,3.4,36.1264,-114.7831,Z124,413217.91
820.7,3,2.5,9.5,40.742,-122.1971,Z107,269931.68
960.1,3,2.5,45.8,37.3617,-120.1525,Z129,300465.15
489.1,7,2.5,1.6,38.6642,-121.4033,Z122,249527.27
1449.4,5,1.0,32.4,35.9467,-121.7919,Z127,436188.33
1200.8,1,2.0,77.5,38.2277,-117.65,Z121,352440.91
1016.7,3,1.0,28.8,40.2476,-122.7786,Z110,273593.36
1465.9,5,2.5,37.4,35.3618,-119.6195,Z115,370829.27
1682.0,5,2.5,47.1,41.3564,-117.7103,Z119,476165.81
2546.6,6,4.5,7.5,34.5265,-123.1318,Z125,632717.71
744.1,2,2.0,26.1,41.2334,-121.8017,Z109,255044.92
2079.7,4,2.5,11.1,32.7688,-114.3427,Z122,550178.27
1986.6,6,2.5,8.6,37.6561,-116.148,Z115,402605.69
1110.5,1,1.0,6.4,41.8591,-117.392,Z112,370649.2
1601.6,1,3.0,26.4,38.2929,-115.5123,Z106,458247.58
1271.2,1,3.0,47.5,37.7712,-124.3533,Z100,364749.9
1592.8,3,2.5,62.6,38.9835,-124.4362,Z113,403143.81
2254.6,4,1.5,16.8,35.2484,-122.8834,Z108,550327.59
1802.8,2,4.0,14.0,33.0122,-119.2998,Z113,461512.35
1754.3,2,2.0,34.9,34.8851,-118.5153,Z103,475062.41
1284.8,3,1.5,45.5,34.1743,-123.3063,Z122,322574.56
758.0,5,3.5,8.8,41.2739,-123.741,Z108,238975.39
1395.8,5,1.5,10.6,40.5965,-115.8025,Z101,381763.94
2103.3,2,2.0,22.9,35.5183,-119.6231,Z128,496744.72
736.4,5,1.5,17.6,40.4427,-114.0788,Z123,296722.22
972.5,1,1.0,36.7,34.5117,-122.0919,Z110,319680.89
1563.1,1,3.0,21.1,34.396,-117.7044,Z119,499990.59
1007.7,4,1.0,3.5,39.7916,-116.0539,Z113,325594.7
1103.7,3,1.5,5.4,35.6058,-115.3373,Z103,443988.17
1288.2,4,1.5,69.7,33.1155,-121.2837,Z102,393729.45
817.2,4,2.5,7.7,39.3399,-122.4706,Z109,313169.19
1012.9,5,3.5,1.5,41.9012,-122.126,Z119,322750.78
1851.7,1,2.0,39.4,37.8768,-117.4992,Z124,447615.4
846.3,6,3.5,34.6,35.0048,-119.0155,Z100,380011.09
701.1,3,2.5,27.5,36.0426,-118.2106,Z108,173715.79
1185.0,4,3.5,20.9,38.6622,-124.2844,Z112,305526.45
1866.0,1,1.0,104.8,39.1631,-120.3948,Z110,451404.23
1401.5,1,1.0,3.8,40.9202,-121.2434,Z109,377945.93
1267.7,3,1.5,21.4,41.1339,-115.4303,Z124,401632.13
1522.2,6,3.5,24.9,40.6821,-116.3493,Z100,520539.17
627.1,6,3.5,0.7,38.6607,-119.9895,Z112,206363.09
1747.4,2,2.0,15.9,36.7736,-117.8794,Z108,450152.37
1691.7,7,1.0,45.8,38.9534,-123.9994,Z121,454664.61
1295.3,1,1.0,19.1,38.8324,-117.8089,Z107,380761.61
2003.0,2,2.0,62.5,34.5708,-123.4793,Z112,453162.97
936.3,4,2.5,31.1,37.3218,-117.0028,Z123,352152.11
2064.0,3,2.5,43.6,34.478,-118.4747,Z129,418706.13
1577.2,7,1.0,49.0,41.0417,-121.3448,Z107,459922.28
1331.7,2,3.0,35.1,35.5709,-120.6062,Z126,451977.86
1490.1,1,3.0,41.5,40.1515,-123.554,Z123,394603.18
1446.4,1,2.0,35.7,36.0837,-121.1107,Z127,305726.62
2110.1,6,1.5,24.0,39.7555,-114.3481,Z116,490454.31
961.7,1,4.0,25.1,34.5987,-119.3951,Z100,357969.68
1118.7,1,2.0,6.3,39.7556,-119.5205,Z122,240893.49
2018.2,1,4.0,52.7,34.2056,-117.8931,Z126,498937.51
1202.2,3,1.5,11.2,37.1628,-119.4133,Z111,326882.71
1950.3,4,2.5,23.0,33.5795,-120.7672,Z128,523165.06
2349.7,2,2.0,8.6,37.515,-123.035,Z111,471683.06
1299.1,3,1.0,35.7,40.2968,-117.8817,Z124,288029.75
1840.7,4,1.5,110.9,39.6777,-116.6363,Z110,450347.61
923.2,3,2.5,48.6,32.9818,-114.8074,Z129,275310.05
1877.4,3,5.5,29.0,37.1757,-124.4684,Z125,509053.61
1599.7,2,4.0,25.1,40.5961,-123.8001,Z123,491147.63
1736.5,3,4.5,20.2,38.676,-115.0562,Z110,417438.9
1177.2,4,2.5,6.9,33.0624,-117.8729,Z128,379936.1
669.5,3,3.5,12.8,35.5935,-114.4419,Z115,217670.36
1751.6,3,1.5,15.6,37.7876,-119.9761,Z104,418622.88
468.3,2,4.0,86.8,34.1402,-120.1248,Z123,223855.77
1341.3,4,3.5,16.6,38.9782,-120.8852,Z108,423226.41
1970.6,4,2.5,26.5,38.531,-123.0004,Z122,480320.15
1595.9,2,1.0,76.7,34.4232,-120.5244,Z126,422003.66
2474.2,6,2.5,21.9,37.7288,-124.3462,Z109,673632.86
2012.6,1,4.0,8.7,40.2113,-119.1522,Z110,540070.48
1173.1,3,3.5,14.4,36.0609,-115.6043,Z128,384136.79
1513.7,3,2.5,14.1,34.8464,-121.1274,Z102,516788.06
1476.3,4,2.5,37.6,39.1616,-123.5063,Z124,532271.45
708.9,4,1.5,10.5,33.1726,-114.2755,Z120,210191.79
1029.8,6,5.5,39.3,40.4104,-123.1457,Z110,458950.43
1219.6,1,3.0,66.0,41.4629,-118.9487,Z107,335404.85
481.9,4,2.5,12.3,41.6655,-116.0036,Z126,210543.08
1523.7,2,2.0,4.4,36.6091,-121.8504,Z100,346108.89
1375.5,4,4.5,30.5,38.4204,-115.6644,Z116,381143.59
663.6,5,3.5,13.4,40.645,-118.6512,Z115,249472.64
1702.1,4,1.5,22.9,34.6225,-121.0147,Z115,443646.77
1857.9,2,2.0,30.2,32.7632,-115.4103,Z102,483073.92
1613.5,5,3.5,15.7,36.1534,-117.969,Z114,415749.59
1338.0,2,1.0,77.6,40.9015,-118.0385,Z101,316233.24
1795.7,5,1.0,15.3,37.2982,-119.2079,Z120,356732.19
1840.1,1,1.0,11.0,37.5371,-121.6153,Z110,429581.13
1653.7,2,1.0,65.1,39.069,-121.299,Z108,383028.32
1087.7,4,1.0,4.4,37.9579,-123.5752,Z128,272506.66
1638.3,2,2.0,4.0,33.0175,-121.9409,Z124,454414.83
2097.7,3,1.5,82.3,37.8282,-121.5828,Z123,501092.99
1201.7,1,1.0,7.0,38.6556,-123.8836,Z104,278560.98
2549.0,4,1.0,4.8,38.5952,-123.3417,Z102,649561.37
1237.2,1,1.0,23.0,39.4193,-121.6623,Z121,366324.14
1516.2,2,1.0,1.4,37.4392,-117.3888,Z107,450550.56
1163.8,1,1.0,29.0,41.0506,-122.5655,Z105,290478.57
1611.6,1,5.0,18.1,36.9105,-119.0206,Z106,471729.72
628.9,3,2.5,30.7,37.4228,-119.167,Z111,162950.98
1227.0,4,2.5,10.0,39.9129,-115.7426,Z129,289521.29
953.9,1,2.0,70.8,40.4157,-118.1038,Z127,225789.94
1567.7,8,3.5,9.5,38.6594,-114.8715,Z128,475561.88
1997.2,3,1.5,30.4,33.7005,-117.9049,Z122,479425.75
1823.0,3,1.5,87.1,35.6535,-124.2321,Z106,440731.52
314.2,3,2.5,15.4,32.6915,-120.4943,Z108,106417.02
2521.0,1,1.0,5.3,35.3068,-117.16,Z108,532583.48
1647.6,4,5.5,2.1,37.9173,-119.5112,Z100,476501.28
1111.8,3,2.5,98.9,40.1497,-120.0963,Z102,288708.71
1578.6,3,2.5,43.3,38.0637,-117.4488,Z104,398714.21
1588.1,3,1.5,75.4,32.879,-121.4998,Z110,429662.91
1166.6,3,1.0,36.0,34.9615,-114.9557,Z103,451759.52
1599.0,2,4.0,12.6,37.9916,-120.162,Z111,375394.13
1196.3,2,1.0,3.9,39.236,-117.8722,Z100,339626.04
1297.8,3,2.5,79.5,40.7313,-114.1855,Z100,408377.21
1156.9,3,4.5,20.2,41.6926,-116.2525,Z112,315107.81
783.7,5,3.5,15.2,40.972,-118.918,Z119,258671.96
1572.9,1,2.0,25.9,36.9396,-115.4764,Z104,399735.61
1792.6,1,1.0,3.4,39.5958,-118.6154,Z119,443026.71
1757.4,3,3.5,11.1,34.785,-119.8626,Z101,493638.05
1910.0,2,3.0,30.5,33.1064,-115.3287,Z120,475167.45
1662.2,4,1.0,3.2,33.0232,-124.2149,Z125,528407.43
1233.6,3,1.0,4.4,34.7924,-120.2216,Z118,346232.22
1919.8,3,1.5,21.4,32.8566,-120.8986,Z106,506562.25
821.2,1,2.0,29.3,40.5776,-117.0021,Z115,202749.78
1049.7,2,6.0,6.2,37.1542,-124.3678,Z103,345479.0
1017.9,5,1.5,1.0,40.2036,-117.561,Z117,283815.75
2040.0,2,2.0,95.4,41.429,-120.8632,Z110,419955.89
1971.4,3,2.5,0.8,41.9421,-123.4721,Z123,547604.11
1743.7,2,1.0,0.1,41.4031,-114.2065,Z115,441115.42
2036.0,3,2.5,11.7,39.3073,-122.2716,Z128,624313.42
1060.4,1,2.0,7.5,36.6988,-120.8341,Z109,333881.42
1674.3,4,1.0,25.6,38.1809,-122.326,Z101,342231.41
1437.4,2,1.0,67.4,40.2567,-117.5491,Z126,415269.89
1923.4,3,2.5,19.7,41.0268,-116.2836,Z122,454391.81
1442.4,1,2.0,44.5,41.5865,-115.4633,Z123,361879.68
1307.5,1,1.0,72.0,39.4408,-121.2345,Z109,338574.35
1770.5,1,3.0,6.3,37.6296,-118.9922,Z102,511611.33
1938.1,3,3.5,20.1,41.6995,-117.5358,Z121,522705.01
1165.8,1,4.0,30.8,41.6069,-117.89,Z111,375342.65
1469.5,2,2.0,12.1,37.0368,-116.9817,Z119,388866.74
970.8,2,2.0,40.4,38.6623,-116.4179,Z127,327451.76
300.0,3,3.5,36.7,40.188,-123.4765,Z101,144827.25
1600.2,5,4.5,16.4,36.6143,-122.7327,Z107,449891.29
1804.5,3,1.5,2.8,40.3791,-116.7896,Z117,394601.87
1631.0,5,2.5,0.3,33.5588,-119.4949,Z108,465608.44
525.2,5,1.5,13.8,37.0709,-120.0161,Z124,223781.4
1324.6,1,6.0,2.6,37.0848,-119.7179,Z110,435653.67
390.8,5,1.5,45.6,39.0042,-120.5937,Z123,207386.89
2184.9,3,6.0,12.2,33.6059,-118.2938,Z125,538977.82
957.0,1,2.0,32.9,33.4805,-121.1051,Z102,261479.24
2127.7,4,2.5,12.8,41.0557,-117.8134,Z107,528217.77
1972.9,2,5.0,47.7,35.3855,-122.3723,Z104,513031.14
1049.7,6,2.5,65.8,35.6058,-116.5443,Z114,272642.32
933.6,1,2.0,54.5,39.8802,-116.2932,Z109,241680.13
1675.2,2,2.0,19.9,36.4416,-118.4255,Z113,414931.27
1077.8,1,3.0,2.6,40.4128,-120.6221,Z104,219986.37
1551.2,2,2.0,13.9,36.314,-124.3488,Z117,383180.02
1258.6,4,1.0,16.6,39.7257,-123.2239,Z111,331958.32
609.4,5,1.5,96.8,37.4904,-123.6633,Z102,267866.96
384.8,1,2.0,25.0,41.3904,-124.3928,Z107,168160.64
1613.3,6,3.5,30.7,35.6102,-116.9167,Z113,447352.32
1219.2,7,2.5,45.7,35.9456,-114.4613,Z100,413044.42
1223.5,2,1.0,25.2,41.7149,-124.3827,Z103,344619.42
1847.9,2,3.0,27.4,39.5065,-123.3167,Z121,428502.39
2086.7,6,4.5,8.4,39.8394,-115.4629,Z124,628308.28
1363.7,4,1.0,1.8,35.3118,-117.2707,Z107,399061.7
1329.7,5,1.5,38.3,37.5544,-120.2505,Z125,439657.01
1750.1,2,1.0,56.7,35.4786,-114.0756,Z120,329913.19
821.5,1,1.0,15.9,34.9688,-118.477,Z112,260145.69
1611.6,5,2.5,23.9,37.5848,-117.4692,Z115,439438.02
1775.9,6,3.5,11.0,41.8837,-117.6416,Z115,494994.77
1840.1,3,4.5,17.9,34.5389,-122.1616,Z129,586881.51
531.6,2,1.0,7.0,34.8039,-119.3747,Z122,143961.18
1119.3,2,1.0,42.8,34.8097,-122.2277,Z123,346058.19
1060.9,4,2.5,20.3,40.0212,-119.1506,Z127,402127.18
1549.9,5,1.5,23.8,37.3496,-124.1768,Z108,434391.98
1740.4,4,1.0,1.1,36.1553,-120.4894,Z129,445521.68
2248.4,7,4.5,29.2,40.516,-120.5918,Z118,610189.71
1252.5,2,1.0,6.8,35.3262,-121.4379,Z126,378650.95
1251.2,3,2.5,14.5,36.2261,-123.6681,Z107,427980.91
2074.8,4,3.5,16.0,33.1994,-116.4048,Z118,592000.59
1648.3,2,1.0,17.9,33.6296,-120.0852,Z100,423536.86
2133.8,2,1.0,7.7,33.7989,-115.9533,Z112,483713.97
1644.4,3,3.5,56.9,35.7963,-115.7249,Z112,408093.86
921.4,1,1.0,16.8,37.4788,-122.2572,Z103,309679.29
833.4,2,2.0,28.4,32.5071,-120.076,Z122,249471.07
724.2,3,1.5,28.6,34.3044,-116.9298,Z124,239871.72
1831.0,3,3.5,28.0,34.1687,-119.2553,Z109,547829.48
2094.3,4,4.5,24.6,34.9068,-115.5218,Z122,498567.55
2424.7,6,2.5,51.9,34.0778,-118.4985,Z125,660329.94
1921.6,2,2.0,50.2,34.3537,-117.8894,Z110,510876.69
2081.4,5,3.5,16.2,41.8469,-116.2363,Z129,575873.16
1210.0,2,1.0,30.3,38.1499,-123.2167,Z113,384886.85
921.8,2,5.0,3.3,39.7456,-118.3654,Z129,260139.03
1925.0,3,1.5,2.9,40.2838,-123.603,Z104,418845.17
1708.8,4,3.5,19.6,38.843,-121.7642,Z112,510060.43
1553.7,3,1.0,69.1,39.1888,-122.268,Z114,410234.72
1693.7,4,3.5,31.5,38.5067,-118.5457,Z116,445784.97
1661.6,4,3.5,33.2,38.669,-115.639,Z115,442820.02
2141.9,5,3.5,5.1,41.3203,-123.1055,Z100,531319.91
2147.5,3,1.5,18.1,34.2645,-116.4318,Z111,476371.71
1772.1,2,3.0,15.4,35.1099,-122.9978,Z124,443964.33
1922.9,5,1.0,45.8,33.386,-122.5084,Z119,541656.25
1757.0,4,1.5,4.4,40.4546,-114.8721,Z118,499182.93
1269.4,1,2.0,23.2,36.7632,-124.3978,Z126,432321.13
1878.3,1,2.0,72.7,41.1175,-122.43,Z120,321201.33
802.8,3,1.5,66.9,36.4109,-122.2367,Z122,244725.23
2026.9,5,1.5,57.4,36.7048,-121.5403,Z106,514776.9
902.7,4,2.5,14.1,36.7594,-120.6842,Z104,271093.32
1642.9,8,1.5,85.0,38.3187,-123.4166,Z107,530225.48
1077.4,1,2.0,49.1,39.7782,-119.5812,Z120,243371.56
1776.7,2,2.0,57.1,35.8373,-120.3068,Z125,567206.8
1483.0,3,2.5,80.8,38.4866,-117.9382,Z103,399962.15
702.6,7,1.5,82.9,34.4377,-115.3911,Z113,251495.08
1710.3,4,2.5,8.2,37.7634,-121.3739,Z105,387420.62
1211.0,6,1.0,4.1,37.6926,-118.7619,Z118,410144.85
1940.6,3,1.5,35.2,40.9428,-120.6005,Z103,513290.89
1500.7,4,1.5,24.8,41.0105,-124.0774,Z123,364664.31
1697.7,2,6.0,11.9,37.1285,-115.8787,Z125,445198.24
1021.2,1,1.0,34.6,32.7337,-117.8407,Z109,322896.39
1205.3,1,1.0,1.9,40.5239,-124.4772,Z118,290631.26
1270.7,2,1.0,1.5,32.5059,-121.8795,Z126,341888.66
1928.4,1,6.0,13.1,37.0434,-121.2556,Z128,513721.08
2338.7,3,1.5,6.5,32.688,-115.9789,Z109,613160.77
1097.4,1,1.0,38.0,35.8496,-116.5125,Z112,320679.77
2038.4,2,2.0,88.7,38.5493,-120.3405,Z102,630964.02
415.2,2,2.0,32.5,36.0264,-122.8479,Z121,173810.18
902.9,2,3.0,31.9,41.3055,-120.4467,Z107,233999.51
1020.6,5,2.5,0.2,38.5873,-115.9935,Z109,289244.67
823.7,2,2.0,21.5,38.6412,-119.7499,Z101,355798.73
708.2,5,2.5,51.0,36.0572,-123.2834,Z100,278792.94
1706.5,5,2.5,31.8,32.8662,-124.0953,Z109,548297.96
1393.0,3,1.0,7.8,39.5127,-121.0,Z112,387417.6
1689.7,4,2.5,56.6,39.3043,-122.9422,Z100,415148.02
1845.2,2,2.0,100.0,37.5362,-116.6771,Z122,382492.83
1632.8,1,2.0,9.8,36.4545,-121.5731,Z101,477828.2
1828.9,1,2.0,7.0,37.614,-115.2867,Z124,433025.37
1465.2,5,3.5,12.4,39.5947,-118.0178,Z109,465726.58
906.5,5,2.5,2.0,39.2715,-120.3665,Z103,343086.22
2028.9,5,2.5,62.0,38.752,-118.0944,Z129,416014.34
1205.4,2,1.0,79.5,41.0859,-121.4007,Z106,418260.34
1032.2,8,1.5,30.1,38.2939,-123.0161,Z104,269714.79
1411.0,1,1.0,43.4,32.6378,-114.3761,Z120,308722.13
1043.6,4,1.5,33.1,38.3716,-118.5868,Z115,268368.8
1291.3,1,1.0,14.2,38.3193,-124.4231,Z106,398868.94
1672.0,3,3.5,30.0,33.1615,-121.2417,Z108,422641.06
1674.2,3,1.5,54.3,36.5634,-122.8249,Z119,502020.3
1051.1,4,2.5,49.8,38.6854,-121.7891,Z124,414296.34
1256.1,1,1.0,2.5,39.1928,-123.915,Z108,346782.84
2037.2,1,1.0,18.6,40.984,-121.9266,Z110,530604.06
1748.2,4,1.0,15.2,40.4931,-117.3283,Z123,450079.93
2537.5,3,1.5,41.8,33.6072,-115.8836,Z116,552475.6
2090.1,5,5.5,20.9,38.2835,-120.8524,Z125,600348.71
2072.1,4,4.5,12.9,38.1666,-119.0141,Z110,577250.73
806.1,2,3.0,36.8,35.3856,-124.0612,Z126,345889.46
1881.9,4,2.5,19.2,34.249,-123.5466,Z108,527214.81
1473.4,1,2.0,8.9,34.3953,-118.7048,Z118,416227.77
1224.5,1,1.0,66.3,34.1867,-115.6739,Z107,306125.52
1584.0,4,1.0,3.6,40.1595,-123.5761,Z104,390358.3
1972.6,1,1.0,0.5,33.9097,-120.1053,Z105,510204.61
1750.4,6,4.5,4.7,35.0117,-114.3105,Z118,476335.31
1060.8,4,2.5,5.4,34.569,-116.7427,Z110,402043.56
1871.2,6,1.5,23.2,39.2721,-122.4252,Z122,443792.78
1181.2,4,2.5,29.4,34.0048,-121.5057,Z101,299218.19
1608.3,4,1.5,17.9,32.7286,-114.5469,Z128,403691.75
1348.3,1,2.0,6.9,36.0551,-122.1796,Z102,328288.13
1390.6,2,3.0,4.3,35.3984,-119.8705,Z101,414844.76
1883.1,3,1.0,20.3,36.2782,-120.7661,Z112,465043.4
979.9,1,5.0,25.0,39.6612,-119.3546,Z110,293594.52
2472.6,2,1.0,10.9,32.6175,-122.0159,Z124,568129.22
589.5,3,5.5,7.5,32.8582,-117.4823,Z110,333441.76
1201.2,2,2.0,2.5,34.9286,-122.0368,Z129,315427.86
1685.1,3,2.5,0.8,40.9475,-118.1779,Z112,455961.43
1792.2,1,1.0,3.4,34.1062,-120.7434,Z129,418412.35
1449.8,4,1.5,40.7,41.9719,-121.8595,Z118,442755.71
1471.3,2,2.0,12.6,40.1541,-117.2025,Z123,375711.7
1705.3,1,2.0,0.8,36.8333,-114.365,Z121,398765.72
1384.5,4,2.5,21.3,39.6047,-115.3716,Z112,365216.59
2196.6,1,2.0,23.0,37.4287,-123.5882,Z100,576312.8
1919.7,6,1.0,16.8,37.8769,-119.7287,Z126,523727.7
1936.4,3,3.5,3.5,38.0173,-117.2048,Z112,475703.83
1016.9,3,1.5,42.2,38.6628,-118.5925,Z105,299033.42
1460.3,5,1.5,35.0,33.0773,-116.8733,Z107,416448.8
1349.8,3,1.0,15.1,38.3567,-114.2612,Z125,336810.85
997.2,5,1.5,14.4,39.311,-120.9061,Z129,315351.44
1680.1,2,3.0,5.1,35.4519,-116.4058,Z118,513351.23
1231.2,3,3.5,42.0,41.7965,-123.5123,Z129,306705.56
1827.7,6,3.5,27.5,33.8722,-115.3676,Z122,467532.09
964.9,6,2.5,2.7,41.1492,-116.3265,Z113,358640.74
2359.5,3,1.0,14.2,38.9263,-119.0298,Z105,574376.4
1051.8,3,1.5,70.2,38.811,-115.8791,Z116,321817.79
1609.7,3,1.5,18.1,40.8222,-117.5005,Z101,392705.23
1895.9,1,2.0,11.8,40.4014,-118.7016,Z115,400860.84
1214.7,5,4.5,31.0,35.7816,-114.567,Z129,317820.87
1926.2,3,2.5,6.8,39.201,-123.1322,Z126,574341.22
885.4,4,1.0,22.3,32.9807,-114.0738,Z104,201479.84
2226.1,1,1.0,33.2,36.9082,-122.8785,Z122,484918.93
1507.1,3,3.5,57.9,41.4089,-119.4582,Z119,377740.7
1201.8,5,1.5,35.4,35.1038,-122.0702,Z105,351831.28
1350.4,3,2.5,14.6,32.9747,-121.6449,Z101,360961.76
1904.5,1,2.0,43.8,38.038,-117.8658,Z104,443131.37
1207.8,3,3.5,68.6,35.8734,-124.1355,Z109,355535.17
1125.3,3,3.5,19.5,36.107,-114.6222,Z118,302428.65
1389.2,4,2.5,0.1,38.0333,-121.564,Z100,406003.55
911.5,2,1.0,63.8,38.4051,-121.6384,Z105,226410.64
2410.3,6,3.5,5.4,36.6546,-115.4326,Z124,676741.36
1216.8,2,2.0,4.1,37.3217,-116.4692,Z115,309096.92
1915.8,4,1.5,11.0,41.9359,-117.4469,Z129,403164.94
1604.7,2,3.0,14.3,41.5929,-122.9632,Z129,439865.55
1007.7,7,1.5,48.2,39.2195,-116.419,Z109,372548.97
1497.0,7,2.5,14.8,34.0341,-120.712,Z107,455334.06
1892.0,2,4.0,1.5,35.9196,-114.0642,Z119,457376.55
1405.9,5,5.5,30.3,40.8893,-117.4519,Z123,424696.81
2096.6,3,4.5,33.4,36.5239,-115.7231,Z126,564114.78
2010.8,3,3.5,50.5,41.576,-116.7953,Z120,489133.15
1959.5,1,3.0,15.3,37.1389,-118.2605,Z118,576053.8
1270.2,2,1.0,2.7,40.6868,-116.9786,Z119,375273.55
960.1,4,2.5,24.2,32.8361,-118.2264,Z106,358321.88
1193.2,5,1.5,3.9,36.6246,-123.9624,Z114,250245.65
1598.1,2,1.0,0.5,39.1525,-120.872,Z104,340329.81
1772.9,2,2.0,45.2,40.7039,-121.1776,Z103,511699.17
414.2,1,4.0,15.5,38.2915,-117.0033,Z118,149434.89
1495.9,5,3.5,22.3,34.146,-118.4502,Z118,422332.33
1579.0,2,3.0,32.6,40.915,-118.0899,Z109,447257.81
1361.2,2,1.0,15.4,37.9607,-115.6067,Z121,383906.34
2145.6,4,2.5,1.6,33.5262,-118.9843,Z107,547254.06
1710.9,6,3.5,8.7,36.9065,-122.2081,Z119,570848.31
2155.1,1,2.0,6.5,39.14,-124.3694,Z100,497154.56
1392.0,2,3.0,113.7,36.7846,-122.8253,Z119,381337.81
1968.7,1,1.0,40.4,40.7725,-124.1789,Z127,560172.36
2317.5,2,3.0,18.0,36.5251,-122.0108,Z120,540246.7
2155.8,2,5.0,2.0,38.0428,-117.8325,Z123,505185.19
953.9,1,1.0,3.7,34.5061,-122.9101,Z129,294996.7
1373.2,4,4.5,50.3,37.3705,-123.6398,Z112,364887.04
1327.4,2,1.0,87.3,34.6171,-114.306,Z106,381357.37
1744.6,2,4.0,1.0,34.6393,-114.0325,Z101,487855.55
1843.2,1,1.0,72.4,35.1591,-117.8113,Z108,338262.2
1080.6,2,3.0,14.4,32.9199,-123.3601,Z118,352853.81
1533.9,4,2.5,7.2,34.0514,-115.874,Z108,447912.83
490.0,3,3.5,3.2,36.5314,-118.8383,Z116,204112.09
2221.0,1,4.0,44.3,33.7451,-122.5882,Z124,600901.65
1243.8,7,1.5,19.0,33.7672,-118.4552,Z122,370966.34
1527.9,2,1.0,53.6,41.6954,-124.0865,Z117,405626.03
1345.2,3,1.5,7.7,36.5574,-114.2891,Z109,325754.21
2073.0,3,3.5,34.0,36.3355,-115.8274,Z122,533506.02
300.0,5,1.5,3.8,35.0435,-121.7618,Z100,111107.18
1491.7,1,1.0,2.8,37.3682,-120.1014,Z110,422702.92
1447.1,3,1.5,4.3,38.1626,-120.3495,Z118,368674.86
1273.2,1,1.0,49.6,36.4728,-115.4543,Z122,327547.65
2363.1,3,3.5,32.0,36.2412,-120.7763,Z118,587910.99
1056.3,3,2.5,5.4,39.1541,-123.9962,Z101,296673.69
1885.9,5,4.5,14.6,41.5229,-122.2458,Z104,463723.01
1678.1,5,2.5,43.3,40.8393,-122.2365,Z102,545532.28
2130.8,2,4.0,10.1,33.6269,-114.533,Z112,502073.75
1166.4,1,1.0,76.2,38.6969,-114.7974,Z124,263629.5
1133.5,2,1.0,73.8,32.567,-121.3438,Z106,260522.0
2048.0,1,5.0,24.1,38.5144,-124.4709,Z110,501621.5
1712.7,4,2.5,30.0,36.9114,-119.0715,Z116,388540.0
727.5,5,1.5,31.8,37.1656,-116.129,Z100,289156.46
1230.3,5,1.5,9.0,38.0862,-121.6796,Z121,368573.46
1693.2,1,4.0,13.6,39.5552,-119.89,Z103,379487.49
1918.9,5,1.5,4.4,39.4298,-122.6857,Z100,518078.8
1160.4,1,1.0,77.7,32.9226,-121.0623,Z108,171729.72
300.0,2,1.0,38.6,39.4967,-116.532,Z129,160161.26
1761.6,2,1.0,1.4,40.3833,-120.003,Z117,397252.56
889.8,1,3.0,23.9,33.1476,-119.8037,Z116,185357.0
491.3,3,4.5,12.6,35.568,-116.2097,Z118,231286.38
300.0,1,1.0,50.7,40.0246,-116.4888,Z114,117167.96
1907.0,4,3.5,12.6,37.1845,-122.5349,Z109,518049.63
1564.3,3,4.5,31.0,39.1015,-120.1396,Z111,392451.75
1387.2,3,3.5,5.4,37.272,-115.587,Z115,419941.13
2194.5,5,1.5,24.5,41.7931,-119.7043,Z111,490444.86
1818.7,3,2.5,10.4,41.3938,-117.5515,Z100,462379.95
2308.2,4,3.5,5.4,35.1709,-121.2874,Z112,532762.32
803.6,1,1.0,29.0,36.1659,-123.8746,Z103,294503.59
1482.7,1,3.0,30.5,36.5978,-122.7686,Z119,410975.21
691.6,4,1.0,120.0,33.4899,-120.2819,Z121,245754.93
1385.3,2,1.0,33.2,36.3387,-120.7886,Z111,268511.1
1375.7,3,4.5,21.8,39.8611,-115.0958,Z118,479659.32
1813.3,1,1.0,73.1,40.5455,-118.771,Z128,469730.87
1522.8,3,1.0,52.9,40.9183,-117.9149,Z114,299192.48
1811.7,4,2.5,23.9,32.6383,-117.2688,Z108,469443.63
1851.7,2,3.0,21.5,39.9937,-118.9179,Z121,442503.07
2577.5,4,4.5,85.4,37.275,-116.4187,Z129,550346.71
1342.4,8,1.5,28.8,34.4585,-116.2774,Z106,455708.43
1029.5,4,1.0,37.5,37.2381,-120.8104,Z105,312192.48
1623.0,2,2.0,2.7,40.5205,-123.6098,Z108,415249.75
1098.9,5,1.0,38.0,36.6254,-114.1433,Z117,326885.82
2241.0,1,2.0,9.2,41.9094,-117.7525,Z126,592752.77
1358.4,2,3.0,3.7,38.3585,-117.0564,Z129,367616.26
1217.2,2,6.0,56.8,37.1528,-116.5547,Z107,383561.21
1264.3,4,2.5,35.3,35.3014,-118.0639,Z120,380465.89
1859.2,1,3.0,15.7,32.605,-119.5555,Z117,410329.66
1421.1,3,1.0,16.9,38.3002,-114.161,Z112,399089.66
1179.2,7,6.0,6.6,37.9862,-116.8596,Z106,357337.51
2332.7,1,1.0,0.3,37.4097,-115.6186,Z111,484156.82
1071.9,3,5.5,12.9,37.6082,-119.8834,Z104,315899.6
1517.8,3,2.5,4.8,40.5135,-114.9998,Z115,427600.29
1826.2,3,4.5,16.4,35.5103,-116.8124,Z107,552262.18
684.3,1,3.0,53.8,37.7274,-116.6657,Z129,246013.14
1740.1,1,1.0,3.7,38.9595,-123.5872,Z125,435448.16
972.4,2,2.0,2.9,34.4933,-118.0167,Z126,316450.74
1911.4,7,6.0,69.7,41.2858,-120.9802,Z121,592242.94
1018.7,5,1.5,41.0,39.5027,-117.4755,Z106,347503.24
1846.4,5,4.5,1.6,33.0063,-118.5338,Z126,594233.19
2052.9,2,2.0,2.5,40.7185,-123.3325,Z127,557186.54
1930.7,8,2.5,34.6,41.3338,-118.9351,Z100,564640.19
1625.7,5,1.5,13.9,40.0399,-119.7618,Z101,455735.78
1384.3,4,1.5,38.6,36.5491,-116.3473,Z108,364664.44
1211.8,3,2.5,15.5,41.9466,-119.2223,Z114,310146.89
2235.5,5,4.5,103.1,33.6821,-119.4478,Z106,555014.85
1150.3,2,2.0,35.6,37.5978,-116.9453,Z106,336452.29
981.5,4,2.5,1.4,34.1187,-117.4798,Z119,317999.18
1832.7,1,1.0,12.0,36.6738,-114.0855,Z112,430129.1
1101.9,2,3.0,24.9,41.3105,-120.8045,Z128,330318.26
1025.0,3,2.5,4.6,40.0455,-117.2723,Z103,337195.24
778.2,7,2.5,0.1,39.9298,-122.7438,Z118,321439.04
1258.5,5,6.0,2.5,35.8616,-116.0521,Z109,446948.52
1458.6,5,4.5,22.3,41.3756,-116.2454,Z103,386800.7
1621.5,3,3.5,30.0,35.9985,-116.8789,Z111,336003.85
1975.7,1,3.0,2.9,32.8797,-123.25,Z125,480030.35
1763.4,2,1.0,32.8,38.5591,-114.1308,Z121,491272.71
1404.6,2,1.0,28.8,35.9452,-114.6026,Z126,448606.12
1400.9,5,1.0,84.4,33.9604,-120.614,Z102,338139.93
1755.1,1,1.0,55.1,41.3793,-118.4382,Z125,539843.25
2136.3,3,2.5,86.1,38.5538,-115.1667,Z107,509442.87
1563.2,2,2.0,101.5,41.435,-119.3062,Z116,311664.57
1265.4,2,2.0,17.4,38.0383,-118.2088,Z105,250066.68
1003.6,3,2.5,20.1,33.1067,-118.1659,Z112,258099.42
777.4,5,4.5,9.9,32.7844,-117.6828,Z117,246173.96
1833.1,3,2.5,21.3,41.0553,-118.4572,Z115,524074.2
1789.0,1,4.0,4.9,32.8679,-120.2376,Z110,519234.6
1788.7,3,1.0,33.4,38.3442,-118.8355,Z113,503728.47
1435.7,1,3.0,0.8,35.3308,-115.3499,Z100,484867.06
2203.5,3,1.5,8.1,39.0328,-115.4269,Z111,590394.51
1257.9,2,2.0,7.0,35.2049,-116.3883,Z119,446282.26
1977.6,5,4.5,83.4,32.8536,-120.1519,Z127,561603.33
1480.6,4,5.5,4.7,39.443,-116.2473,Z128,426652.19
1195.8,5,6.0,66.4,35.4536,-120.4275,Z105,413569.31
1796.3,1,5.0,4.0,37.7326,-117.5273,Z106,464258.08
1704.8,1,2.0,31.6,39.8517,-118.542,Z110,472974.12
1678.5,1,2.0,11.6,39.1768,-121.3497,Z100,440338.62
1540.6,2,1.0,11.4,35.8114,-119.7448,Z102,395597.25
1481.1,2,6.0,120.0,39.6044,-115.7812,Z121,328871.34
2694.2,1,2.0,7.7,41.294,-114.9161,Z112,616874.12
2092.1,1,4.0,6.8,38.2948,-122.3444,Z128,487243.6
1861.4,4,2.5,26.7,39.1833,-119.7097,Z105,507531.82
1555.9,6,3.5,40.5,40.7261,-119.9482,Z109,463466.22
2003.6,3,3.5,120.0,40.5146,-119.3653,Z121,492301.59
1759.0,1,2.0,36.3,35.8402,-114.2454,Z106,446454.03
1513.1,6,3.5,24.8,41.9212,-119.0532,Z110,413878.6
1348.2,2,1.0,15.8,32.7714,-115.7842,Z122,300167.96
1459.5,3,1.5,27.1,41.8737,-117.5287,Z127,382383.71
300.0,7,1.0,27.6,34.837,-123.3745,Z125,156816.89
1605.3,3,2.5,7.4,36.6842,-117.1956,Z114,348046.38
1255.8,5,1.0,33.4,40.895,-117.7059,Z123,341542.67
2296.3,4,1.0,6.9,34.8211,-116.5361,Z110,565280.68
1509.7,4,1.5,20.2,34.6354,-123.7183,Z117,342099.47
905.5,4,2.5,9.0,38.6095,-121.9663,Z125,321988.42
1475.1,6,2.5,11.3,39.2018,-116.4225,Z129,427736.05
976.9,3,3.5,28.5,32.571,-120.6085,Z100,294481.1
1736.7,3,1.5,2.0,36.7792,-114.9364,Z125,433872.36
1645.5,4,2.5,0.4,37.1465,-119.0645,Z113,387691.8
1978.9,7,1.5,4.2,35.0824,-124.4892,Z128,549210.53
1104.6,2,2.0,5.5,37.688,-117.1622,Z122,282416.35
1517.0,1,2.0,6.6,33.9685,-119.1086,Z111,312589.47
817.5,2,3.0,44.6,35.5743,-121.1705,Z100,368522.95
1850.7,3,1.0,17.8,39.2758,-124.2854,Z117,415207.69
1759.4,2,2.0,19.0,40.801,-122.4132,Z116,432597.93
1747.9,3,1.5,31.0,38.0991,-122.8033,Z113,440467.63
1500.8,4,2.5,39.2,33.211,-118.38,Z111,323755.59
1707.4,1,2.0,0.1,38.9481,-116.4197,Z127,467831.99
2302.2,5,2.5,58.3,41.0272,-122.0366,Z100,580236.95
1357.5,1,2.0,120.0,37.291,-117.1739,Z118,373337.57
1569.3,5,1.0,3.9,37.1901,-115.0518,Z103,449882.72
956.9,4,3.5,31.6,41.9184,-117.9733,Z104,270574.81
1065.9,4,1.0,0.1,38.5448,-116.3557,Z104,338255.97
1548.9,4,1.5,1.5,40.1573,-122.3556,Z101,401800.51
2052.0,2,2.0,10.1,38.6417,-123.7131,Z110,539523.59
1371.9,1,1.0,56.2,34.5987,-120.6634,Z102,369566.72
1382.0,2,1.0,31.7,35.1987,-117.0554,Z129,382638.56
1296.6,5,2.5,17.7,38.8242,-117.296,Z107,518867.55
1232.6,2,1.0,17.3,36.8327,-114.4717,Z101,286121.06
1647.5,1,2.0,18.8,36.3413,-117.8852,Z103,437778.32
751.4,5,1.5,11.2,32.7133,-120.1815,Z106,268718.74
2140.5,3,1.5,63.0,40.9015,-116.1301,Z124,508286.13
1167.3,1,1.0,25.2,40.9027,-122.8928,Z118,339421.36
1861.0,1,2.0,19.8,36.8792,-115.9633,Z118,495216.26
865.0,5,2.5,18.8,39.157,-120.6577,Z106,370469.22
1834.4,3,1.0,82.4,34.1893,-122.8829,Z107,460867.38
1836.0,3,1.5,38.6,37.2862,-122.7975,Z113,484868.69
1692.1,2,1.0,4.7,36.6692,-114.1722,Z103,418737.93
1002.8,2,2.0,17.2,38.7378,-117.9562,Z113,271869.5
1624.8,3,4.5,10.2,36.9616,-122.6702,Z100,511458.23
908.5,2,1.0,120.0,37.2351,-121.6801,Z104,198774.32
1373.6,5,1.0,16.1,35.3093,-120.5932,Z110,393518.47
2014.7,3,2.5,2.1,32.96,-123.9131,Z129,436655.58
1898.4,4,2.5,15.9,41.2117,-123.3616,Z114,485210.45
1507.6,3,1.5,11.6,32.6162,-116.5016,Z119,351569.67
1012.6,5,3.5,27.5,35.1726,-116.2378,Z113,279998.96
1822.8,1,4.0,7.7,36.7523,-114.1235,Z126,514700.32
1509.7,3,1.5,1.1,35.5314,-123.7902,Z123,415702.39
339.8,4,2.5,3.0,37.7432,-115.1636,Z112,180785.64
1891.3,2,4.0,10.0,36.8853,-121.1692,Z106,502666.27
1487.9,1,1.0,12.8,34.927,-121.0576,Z117,373308.09
2101.2,1,2.0,54.0,33.3362,-123.1635,Z105,534244.4
952.4,3,1.5,9.4,33.8066,-114.1438,Z119,360986.04
300.0,3,5.5,1.0,37.12,-114.1996,Z106,206636.42
1639.5,1,4.0,45.5,40.5365,-115.4193,Z108,342008.11
1645.8,6,2.5,61.0,33.4561,-123.5468,Z122,423661.61
654.7,2,1.0,20.3,38.9335,-115.6627,Z101,155094.22
1010.8,1,3.0,10.1,40.0249,-117.8366,Z107,304286.35
2877.6,6,1.5,44.4,35.1293,-123.1479,Z105,767820.9
1347.2,3,1.0,0.3,38.8483,-121.7515,Z108,378079.1
1865.5,1,2.0,77.3,39.0233,-117.2631,Z106,452640.3
1174.7,2,1.0,60.2,39.224,-116.0639,Z104,276228.61
454.8,2,2.0,23.6,40.9627,-115.5951,Z123,178660.48
1414.9,4,5.5,9.8,36.286,-118.7898,Z122,406118.93
1367.2,3,2.5,1.0,34.815,-118.8865,Z116,341169.36
1300.1,3,2.5,120.0,37.6665,-117.3158,Z126,409428.66
1442.7,5,1.0,43.1,33.0942,-116.3339,Z120,357207.16
1632.1,1,2.0,12.4,35.6722,-122.7088,Z106,400915.41
1424.9,3,1.5,0.6,40.8906,-116.7317,Z115,437184.1
868.0,5,2.5,30.6,37.5545,-120.9123,Z125,316343.91
1743.1,3,4.5,120.0,36.6484,-120.4705,Z122,429851.62
525.3,3,3.5,36.8,35.024,-123.684,Z110,166356.96
474.8,2,1.0,2.6,34.8786,-118.3216,Z113,193851.2
1869.6,4,1.5,15.4,34.7478,-123.5191,Z102,474073.51
1753.5,4,3.5,3.5,40.3777,-114.9121,Z120,324208.9
1471.3,4,1.5,73.0,41.8577,-117.9798,Z107,414367.45
802.3,1,1.0,12.0,37.5806,-114.102,Z114,182807.68
1146.0,4,1.5,39.7,33.2584,-121.9207,Z124,389565.19
1368.6,2,1.0,2.7,39.6349,-117.3642,Z129,328615.07
702.1,2,3.0,4.1,40.832,-114.3735,Z108,180488.8
1130.5,5,1.5,34.1,41.3467,-121.3649,Z115,303019.93
1826.2,3,2.5,55.6,38.4734,-123.4886,Z125,469061.61
2213.7,2,4.0,6.7,37.3154,-117.8432,Z120,562749.44
1290.3,5,5.5,16.3,38.395,-120.656,Z117,369404.99
1878.2,2,4.0,29.0,32.623,-121.6329,Z107,487894.41
543.0,1,1.0,47.7,38.7265,-114.0673,Z106,190618.78
1829.7,3,1.5,29.7,39.2416,-116.5819,Z119,507314.33
1098.0,3,5.5,3.0,39.3593,-119.4034,Z120,361043.47
1653.7,1,2.0,23.5,37.8492,-123.975,Z127,488774.71
1376.1,3,2.5,64.8,39.1504,-122.488,Z109,384382.48
2160.2,1,1.0,60.8,38.5689,-121.3628,Z111,473724.52
1062.8,4,1.5,26.4,33.5975,-119.3844,Z111,311383.14
1813.8,3,1.5,120.0,41.0345,-119.2789,Z126,457099.54
1360.2,4,3.5,3.3,38.4159,-124.2403,Z126,454327.95
1420.8,3,1.5,19.5,39.414,-114.5948,Z109,432818.37
1408.1,6,2.5,44.8,35.7574,-118.8005,Z101,406317.69
1077.2,1,1.0,4.6,41.2328,-124.2929,Z124,331218.07
1493.0,3,1.0,108.1,37.2748,-117.136,Z129,438517.05
1468.7,5,3.5,13.1,38.9506,-123.7508,Z111,353260.02
1620.6,2,2.0,12.9,41.5457,-116.9277,Z105,464207.38
1542.3,3,2.5,7.2,41.2028,-117.1343,Z124,432143.8
1899.0,2,1.0,10.2,38.6256,-114.1583,Z123,482552.41
1961.8,5,1.0,25.9,34.0745,-120.9086,Z100,512144.47
974.7,1,3.0,16.8,41.5304,-122.9846,Z128,298809.81
1934.4,1,3.0,6.4,41.8493,-123.5354,Z108,427861.46
906.8,3,1.0,49.7,33.4823,-123.7469,Z124,267012.61
1793.9,3,2.5,1.9,36.7778,-115.9915,Z119,431698.56
1809.9,4,1.5,54.0,37.7084,-116.9552,Z115,457185.19
544.3,4,2.5,9.6,33.3748,-114.2529,Z116,160153.41
1546.5,4,2.5,20.5,34.302,-121.2535,Z119,438395.94
1265.8,5,3.5,14.4,37.6082,-116.0674,Z105,383735.7
1120.6,3,1.0,25.4,41.6493,-123.5234,Z103,305678.25
2175.4,4,2.5,47.7,32.7642,-115.0093,Z108,474851.81
1173.2,1,1.0,120.0,41.1682,-123.9558,Z119,277480.63
1096.8,4,3.5,11.0,41.0368,-116.2272,Z125,315499.15
1537.8,4,2.5,24.2,40.6432,-121.2728,Z107,459186.36
1842.8,1,2.0,18.8,36.0867,-122.5975,Z117,408182.21
1429.2,5,3.5,120.0,37.1628,-117.1026,Z111,386051.52
2083.2,2,1.0,49.7,36.3341,-115.0933,Z106,520812.99
1765.5,2,1.0,15.2,41.5021,-116.4767,Z107,483251.28
410.9,3,3.5,19.4,37.4528,-121.2125,Z129,179780.58
1235.3,4,2.5,8.5,33.2658,-120.7875,Z121,314428.37
1219.1,4,1.5,42.2,35.1036,-122.5123,Z109,363191.05
1739.7,2,2.0,56.0,36.8893,-115.8474,Z128,355381.65
300.0,1,2.0,100.6,41.5588,-123.3755,Z121,105768.97
2774.5,5,3.5,25.0,37.905,-115.0163,Z123,727253.24
1765.5,4,1.5,33.3,39.1127,-118.1881,Z102,433074.19
1574.4,5,3.5,17.7,33.3409,-118.317,Z117,324964.64
2090.8,3,1.0,28.2,40.8346,-115.7029,Z108,451229.91
2671.8,3,2.5,12.9,37.6207,-117.4909,Z123,669206.25
1935.4,2,6.0,40.1,41.2517,-121.3055,Z125,481268.96
1974.4,3,1.5,0.7,36.732,-120.8301,Z104,421702.92
1565.3,1,1.0,0.9,38.9893,-122.6829,Z112,351190.62
1429.2,2,1.0,37.8,36.973,-119.6273,Z104,360575.98
1262.1,4,2.5,80.1,33.8543,-123.3434,Z121,345498.41
1086.9,2,3.0,30.0,35.0845,-117.6431,Z121,357193.57
1156.5,5,1.0,38.9,33.1389,-122.7231,Z101,290448.73
824.7,4,2.5,52.1,36.6825,-115.4287,Z106,235707.45
1462.1,2,2.0,13.5,38.6687,-117.1451,Z102,474158.54
657.7,4,2.5,3.4,34.8153,-115.1391,Z123,285735.77
1595.5,1,3.0,81.1,37.1587,-123.5862,Z108,415912.14
1481.8,4,2.5,83.7,36.8602,-116.1157,Z102,409596.36
1573.5,2,3.0,17.5,37.5675,-115.2516,Z121,413277.71
1238.9,7,2.5,7.3,34.2536,-124.032,Z123,471252.83
3038.4,3,3.5,66.9,37.5728,-114.0097,Z105,761111.25
2180.1,2,2.0,37.0,35.96,-121.3432,Z109,493051.74
877.7,6,2.5,0.2,35.2174,-122.2769,Z102,312997.36
1616.4,1,4.0,3.4,38.0668,-120.1435,Z119,409627.1
1196.0,2,2.0,120.0,33.9063,-124.4093,Z108,297315.99
992.8,4,1.0,1.2,41.0563,-115.198,Z111,234700.28
830.0,7,2.5,10.0,41.3811,-121.6808,Z111,292197.54
1716.1,5,3.5,23.9,38.7758,-119.0233,Z115,500313.6
1159.3,2,2.0,6.1,35.38,-117.9526,Z110,432803.04
1983.9,4,2.5,7.9,38.4471,-116.1935,Z111,431473.92
1996.9,5,1.5,13.1,38.2145,-121.8728,Z116,539833.92
2187.0,2,4.0,9.4,36.2169,-116.97,Z103,567691.42
1073.8,2,1.0,48.8,35.2288,-123.2646,Z109,389193.7
1737.7,1,1.0,20.8,34.1003,-117.1055,Z116,436905.02
1816.2,1,1.0,9.8,34.5651,-114.8474,Z107,510893.12
1262.9,3,1.5,11.3,38.7038,-123.6072,Z106,348155.14
1114.1,4,1.0,1.2,40.916,-123.2746,Z122,297126.62
2304.8,2,3.0,1.5,36.1571,-118.6491,Z117,546177.24
1613.7,1,6.0,38.0,33.658,-124.0128,Z125,402388.84
1818.0,1,1.0,3.6,32.6217,-122.5324,Z121,479397.9
1089.0,5,2.5,19.4,36.3561,-122.503,Z123,435770.01
890.4,1,2.0,55.4,34.7094,-119.4469,Z123,245498.59
1215.3,2,6.0,13.8,35.5643,-121.8909,Z120,299731.17
1438.0,2,4.0,12.7,34.7959,-119.507,Z107,407180.52
967.9,1,1.0,61.9,38.8094,-119.0277,Z128,322898.37
1495.1,4,2.5,60.0,38.5659,-116.8282,Z101,368715.57
655.7,2,1.0,63.6,41.1669,-114.5671,Z113,272751.37
940.0,2,3.0,25.5,39.1476,-119.2107,Z115,309147.98
1835.5,2,2.0,91.3,34.0669,-120.7724,Z119,475991.38
1801.9,4,2.5,51.3,39.6401,-121.7836,Z109,563923.47
1304.1,8,2.5,16.1,34.222,-117.8361,Z117,350741.37
991.1,2,3.0,29.8,37.8067,-114.5994,Z104,195230.96
986.3,3,5.5,3.9,33.2322,-116.4711,Z115,291147.59
1313.4,3,3.5,24.0,32.9496,-122.3359,Z110,393171.81
1822.3,1,4.0,9.2,36.9102,-115.1203,Z118,494814.46
1964.1,3,2.5,10.0,33.4973,-116.7771,Z105,527396.68
1251.7,3,2.5,4.0,35.4133,-123.1566,Z106,401468.84
923.3,7,2.5,13.3,35.7189,-117.0156,Z121,364040.06
1633.9,3,2.5,19.7,39.8096,-121.4618,Z110,458744.74
1088.2,2,1.0,27.5,35.6605,-119.3403,Z117,289913.62
1240.9,1,2.0,10.9,37.1959,-121.3476,Z117,309276.89
2162.6,5,4.5,47.1,39.8396,-123.6174,Z119,633327.58
1913.6,2,2.0,22.1,34.4465,-116.4299,Z129,483664.1
1579.0,2,1.0,30.5,40.1465,-115.7988,Z122,400985.91
864.0,3,1.0,9.8,40.4021,-122.0642,Z107,408720.46
1605.7,2,2.0,50.5,41.894,-121.9838,Z120,351590.06
2031.3,1,1.0,29.4,36.7185,-119.9854,Z129,508050.37
1312.2,5,1.0,59.5,36.0212,-115.9796,Z109,391876.56
2175.6,2,2.0,5.2,39.1691,-123.6887,Z116,492344.8
2146.4,2,2.0,14.4,33.0524,-116.0085,Z129,503693.03
2331.9,4,2.5,3.6,32.8776,-114.8114,Z108,588654.21
1652.6,1,5.0,7.3,35.6824,-118.6042,Z112,411704.53
1793.7,1,3.0,15.1,39.4304,-123.8659,Z107,412523.73
2207.1,3,1.5,67.5,33.6063,-121.6697,Z116,479337.79
1723.7,1,2.0,24.4,38.5377,-123.3304,Z115,473313.32
1249.4,2,1.0,12.0,35.0603,-121.7775,Z124,374851.69
1275.7,5,1.5,41.2,38.6909,-115.9763,Z115,268894.05
1619.3,3,2.5,0.6,36.8413,-123.9155,Z120,368665.39
854.7,2,1.0,13.9,33.5939,-121.5199,Z129,201822.29
1428.4,1,3.0,27.6,34.8492,-119.072,Z107,332670.92
2048.3,4,1.5,26.3,34.5873,-115.3226,Z125,512704.07
404.4,5,1.5,28.1,34.0636,-121.8752,Z109,267911.86
2267.2,3,2.5,7.1,36.9493,-116.3276,Z111,484671.44
2061.2,6,4.5,12.3,41.5693,-118.3725,Z117,502424.75
1270.1,5,1.5,80.5,38.7518,-117.3981,Z122,317334.17
1771.7,4,3.5,109.5,40.442,-115.4514,Z108,349527.37
1501.6,4,2.5,11.2,41.8203,-124.2226,Z122,473699.96
2115.0,2,2.0,31.0,37.6359,-118.9378,Z124,555898.51
1991.3,3,4.5,8.3,34.7617,-116.6543,Z103,557986.24
800.0,6,4.5,13.8,41.3142,-115.2117,Z104,253709.91
1793.6,3,2.5,47.2,39.1403,-123.1067,Z122,378236.69
1397.2,1,1.0,20.9,41.6099,-120.9148,Z115,312739.95
1541.4,5,2.5,56.8,38.6848,-123.6752,Z100,493683.24
1135.9,3,2.5,29.7,39.8639,-115.7332,Z117,264450.06
2374.1,1,2.0,29.7,40.961,-115.4977,Z117,510481.67
2020.0,2,1.0,1.0,39.7129,-119.4224,Z125,497605.33
1130.1,2,1.0,41.5,37.8451,-124.2816,Z124,443277.85
832.7,1,1.0,114.3,36.9832,-123.4269,Z118,209841.62
1307.2,4,2.5,19.2,40.3221,-117.9442,Z108,304972.28
1717.3,3,3.5,5.2,39.8339,-114.1825,Z100,411481.96
1620.1,5,2.5,113.1,35.9811,-115.6919,Z126,424504.51
2126.6,2,1.0,10.3,37.2342,-116.1218,Z102,627458.2
1895.0,2,1.0,15.8,38.5324,-120.1113,Z125,489689.48
1984.8,1,3.0,2.4,32.7695,-114.1553,Z101,519671.09
1663.4,5,1.5,3.5,34.8519,-115.8378,Z101,447671.7
805.4,4,3.5,7.3,34.877,-120.9756,Z116,247309.53
1402.2,3,1.0,23.9,40.8907,-116.6408,Z105,396378.57
2030.0,5,3.5,24.5,35.6491,-119.9585,Z104,474608.69
1474.2,2,1.0,28.0,37.6789,-117.5652,Z129,392372.44
1751.5,4,3.5,26.3,40.4001,-114.3144,Z127,538647.27
1340.6,1,3.0,20.5,34.9671,-121.9123,Z120,359861.39
985.1,1,2.0,48.6,33.6757,-116.1525,Z110,289827.09
1438.3,3,1.5,81.5,41.5094,-118.3011,Z108,387746.01
1654.5,3,1.5,9.4,39.1945,-114.5253,Z121,396162.7
1172.2,6,2.5,4.2,34.182,-123.0881,Z124,411358.56
1382.1,2,2.0,16.6,40.2873,-116.9431,Z103,409060.07
1030.3,4,4.5,0.8,39.9777,-124.1099,Z106,335989.75
2059.6,2,1.0,64.4,40.4566,-121.9112,Z112,416618.26
1352.8,1,1.0,8.2,35.124,-121.131,Z115,338936.44
2226.4,5,3.5,23.9,36.7615,-119.9613,Z126,610858.11
2264.4,4,1.5,3.7,39.0899,-114.3644,Z119,558330.11
1459.5,1,6.0,24.2,36.2113,-123.7902,Z116,320149.62
995.8,2,1.0,1.2,33.1647,-122.7257,Z119,341765.32
457.1,5,2.5,43.9,33.7963,-122.368,Z101,221406.78
764.0,1,6.0,93.3,38.1726,-120.048,Z104,299359.31
813.1,3,4.5,11.0,36.0641,-123.8627,Z126,286492.41
2189.2,5,1.5,9.0,32.5511,-114.3631,Z117,520327.3
1557.9,2,1.0,17.8,39.7851,-118.6216,Z112,414206.6
1694.8,2,1.0,29.0,36.4587,-115.9605,Z117,426041.94
389.8,3,1.0,6.3,35.4808,-116.3888,Z127,223610.11
901.0,2,1.0,48.8,39.2784,-117.5613,Z110,314497.24
1943.5,3,1.5,6.6,36.8235,-115.0037,Z113,472929.46
1643.4,2,6.0,0.2,39.1009,-115.025,Z111,416983.79
1426.4,4,1.0,22.3,32.6254,-123.1584,Z103,381374.3
1782.4,3,2.5,3.7,32.5895,-115.0298,Z106,515957.62
2317.9,4,4.5,35.9,37.8191,-118.9991,Z112,611420.73
1389.5,5,2.5,5.5,41.831,-121.6853,Z118,564728.67
1534.7,3,3.5,51.0,35.0874,-118.1107,Z110,499228.26
1596.3,1,1.0,19.1,38.9875,-121.5505,Z127,357556.64
2696.1,1,1.0,25.1,34.1364,-119.4704,Z106,598114.47
450.3,2,4.0,6.2,35.4597,-115.9274,Z126,289226.15
1841.6,3,2.5,4.8,33.2417,-124.1619,Z124,506084.01
1442.6,5,2.5,29.9,40.8675,-122.5776,Z114,366166.68
1783.4,2,1.0,8.8,35.4492,-114.4559,Z118,461873.85
1171.3,1,2.0,14.6,34.6894,-119.8265,Z119,300579.01
1475.5,7,4.5,19.6,39.4407,-121.3151,Z116,348674.0
1855.7,5,1.5,7.8,34.3947,-114.8056,Z122,428629.98
3056.5,2,5.0,47.6,34.7826,-114.9323,Z100,734060.31
1904.0,2,3.0,84.1,33.4844,-124.0355,Z128,472702.35
1076.0,2,3.0,17.0,41.6473,-120.694,Z111,261451.75
